Coin ID,Target Exchange,Address,Coin Name,Network,Fee
0,binance,0xd29687c813d741e2f938f4ac377128810e217b1b,SCR,SCROLL,0.2
0,okx,0xd29687c813d741e2f938f4ac377128810e217b1b,SCR,SCR-Scroll,0.5
0,bitget,0xd29687c813d741e2f938f4ac377128810e217b1b,SCR,SCROLL,0.2
0,htx,0xd29687c813d741e2f938f4ac377128810e217b1b,SCR,scr,0.26
2,binance,0xdc6ff44d5d932cbd77b52e5612ba0529dc6226f1,WLD,OPTIMISM,0.045
2,okx,0xdc6ff44d5d932cbd77b52e5612ba0529dc6226f1,WLD,WLD-Optimism,0.022
2,bitget,0x2cfc85d8e48f8eab294be644d9e25c3030863003,WLD,WLD,0.11933175
7,binance,TCFLL5dx5ZJdKnWuesXxi1VPwjLVmWZZy9,JST,TRX,50.0
7,bitget,TCFLL5dx5ZJdKnWuesXxi1VPwjLVmWZZy9,JST,TRC20,10.0
7,htx,TCFLL5dx5ZJdKnWuesXxi1VPwjLVmWZZy9,JST,jst,5.0
12,binance,0xba12bc7b210e61e5d3110b997a63ea216e0e18f7,C,BASE,1.9
12,bitget,0xba12bc7b210e61e5d3110b997a63ea216e0e18f7,C,BASE,8.98311175
13,binance,jtojtomepa8beP8AuQc6eXt5FriJwfFMwQx2v2f9mCL,JTO,SOL,0.36
13,okx,jtojtomepa8beP8AuQc6eXt5FriJwfFMwQx2v2f9mCL,JTO,JTO-Solana,1.25362068
13,bitget,jtojtomepa8beP8AuQc6eXt5FriJwfFMwQx2v2f9mCL,JTO,SOL,0.96618358
13,htx,jtojtomepa8beP8AuQc6eXt5FriJwfFMwQx2v2f9mCL,JTO,jto,1.8439
14,binance,0x8fb238058e71f828f505582e65b1d14f8cf52067,D,BSC,0.52
14,bitget,0x8fb238058e71f828f505582e65b1d14f8cf52067,D,BEP20,7.22891567
16,binance,0x2c24497d4086490e7ead87cc12597fb50c2e6ed6,F,BASE,25.0
16,bitget,0x2c24497d4086490e7ead87cc12597fb50c2e6ed6,F,BASE,65.54368487
17,binance,0x9c7beba8f6ef6643abd725e45a4e8387ef260649,G,BSC,1.48
19,binance,85VBFQZC9TZkfaptBWjvUw7YbZjy52A6mjtPGjstQAmQ,W,SOL,8.05
19,okx,85VBFQZC9TZkfaptBWjvUw7YbZjy52A6mjtPGjstQAmQ,W,W-Solana,18.11710963
19,bitget,85VBFQZC9TZkfaptBWjvUw7YbZjy52A6mjtPGjstQAmQ,W,SOL,14.958864
19,htx,85VBFQZC9TZkfaptBWjvUw7YbZjy52A6mjtPGjstQAmQ,W,w,27.8465
20,binance,0xd41fdb03ba84762dd66a0af1a6c8540ff1ba5dfb,SFP,BSC,0.094
20,bitget,0xd41fdb03ba84762dd66a0af1a6c8540ff1ba5dfb,SFP,BEP20,0.43165468
23,binance,JUPyiwrYJFskUPiHa7hkeR8VUtAeFoSYbKedZNsDvCN,JUP,SOL,1.31
23,okx,JUPyiwrYJFskUPiHa7hkeR8VUtAeFoSYbKedZNsDvCN,JUP,JUP-Solana,3.97684594
23,bitget,JUPyiwrYJFskUPiHa7hkeR8VUtAeFoSYbKedZNsDvCN,JUP,SOL,2.41838
23,htx,JUPyiwrYJFskUPiHa7hkeR8VUtAeFoSYbKedZNsDvCN,JUP,jup,4.6058
26,binance,0x4691937a7508860f876c9c0a2a617e7d9e945d4b,WOO,BSC,0.23
26,okx,0x4691937a7508860f876c9c0a2a617e7d9e945d4b,WOO,WOO-ERC20,15.02
26,bitget,0x4691937a7508860f876c9c0a2a617e7d9e945d4b,WOO,BEP20,3.86199795
26,htx,0x4691937a7508860f876c9c0a2a617e7d9e945d4b,WOO,woo,98.897494
27,binance,0xc748673057861a797275cd8a068abb95a902e8de,1MBABYDOGE,BSC,13.0
27,okx,0xc748673057861a797275cd8a068abb95a902e8de,BABYDOGE,BABYDOGE-BSC,0.0
27,bitget,0xc748673057861a797275cd8a068abb95a902e8de,BABYDOGE,BEP20,151362260.3430878
27,htx,0xc748673057861a797275cd8a068abb95a902e8de,BABYDOGE,babydoge,3193478500.0
30,binance,0xfb5b838b6cfeedc2873ab27866079ac55363d37e,FLOKI,BSC,169.0
30,okx,0xfb5b838b6cfeedc2873ab27866079ac55363d37e,FLOKI,FLOKI-BSC,10000.0
30,bitget,0xfb5b838b6cfeedc2873ab27866079ac55363d37e,FLOKI,BEP20,2136.44779946
30,htx,0xcf0c122c6b73ff809c693db761e7baebe62b6a2e,FLOKI,floki,56103.822
32,binance,0x696f9436b67233384889472cd7cd58a6fb5df4f1,AVNT,BASE,1.0
32,okx,0x696f9436b67233384889472cd7cd58a6fb5df4f1,AVNT,AVNT-Base,1.0
32,bitget,0x696f9436b67233384889472cd7cd58a6fb5df4f1,AVNT,BASE,1.53791736
34,binance,TUpMhErZL2fhh4sVNULAbNKLokS4GjC1F4,TUSD,TRX,0.8
34,bitget,0x1c20e891bab6b1727d14da358fae2984ed9b59eb,TUSD,AVAXC-Chain,0.0
34,htx,TUpMhErZL2fhh4sVNULAbNKLokS4GjC1F4,TUSD,trc20tusd,1.0
35,binance,0xc0041ef357b183448b235a8ea73ce4e4ec8c265f,COOKIE,BSC,0.13
35,bitget,0xc0041ef357b183448b235a8ea73ce4e4ec8c265f,COOKIE,BEP20,1.78104964
36,binance,0x5c85d6c6825ab4032337f11ee92a72df936b46f6,MUBARAK,BSC,0.53
36,bitget,0x5c85d6c6825ab4032337f11ee92a72df936b46f6,MUBARAK,BEP20,7.09891151
43,binance,0x66fd8de541c0594b4dccdfc13bf3a390e50d3afd,TURTLE,BSC,0.25
44,binance,0xf2b51cc1850fed939658317a22d73d3482767591,NXPC,BSC,0.022
44,bitget,0x5e0e90e268bc247cc850c789a0db0d5c7621fb59,NXPC,AVAXC-Chain,0.44
45,binance,0x2dff88a56767223a5529ea5960da7a3f5f766406,ID,BSC,0.11
45,bitget,0x2dff88a56767223a5529ea5960da7a3f5f766406,ID,BEP20,1.40449439
46,binance,BZLbGTNCSFfoth2GYDtwr7e4imWzpR5jqcUuGEwr646K,IO,SOL,1.03
46,bitget,BZLbGTNCSFfoth2GYDtwr7e4imWzpR5jqcUuGEwr646K,IO,SOL,3.08641976
46,htx,BZLbGTNCSFfoth2GYDtwr7e4imWzpR5jqcUuGEwr646K,IO,ionet,5.8498
49,binance,0x111111111117dc0aa78b770fa6a738034120c302,1INCH,BSC,0.19
49,okx,0x111111111117dc0aa78b770fa6a738034120c302,1INCH,1INCH-ERC20,3.47
49,htx,0x111111111117dc0aa78b770fa6a738034120c302,1INCH,1inch,23.077756
51,binance,0x7448c7456a97769f6cd04f1e83a4a23ccdc46abd,MAV,ARBITRUM,3.93
54,binance,0xb5c064f955d8e7f38fe0460c556a72987494ee17,QUICK,MATIC,0.27
54,bitget,0xb5c064f955d8e7f38fe0460c556a72987494ee17,QUICK,Polygon,162.25
54,htx,0xb5c064f955d8e7f38fe0460c556a72987494ee17,QUICK,quick,0.5313
55,binance,0x0c880f6761f1af8d9aa9c466984b80dab9a8c9e8,PENDLE,ARBITRUM,0.039
55,bitget,0x0c880f6761f1af8d9aa9c466984b80dab9a8c9e8,PENDLE,ArbitrumOne,0.06209252
56,binance,e5a49d7fd57e7178e189d3965d1ee64368a1036d,MBL,ONT,4.9
56,bitget,e5a49d7fd57e7178e189d3965d1ee64368a1036d,MBL,Ontology,58.05516
56,htx,e5a49d7fd57e7178e189d3965d1ee64368a1036d,MBL,mbl,13.0
60,binance,0x7d814b9ed370ec0a502edc3267393bf62d891b62,BMT,BSC,0.24
60,bitget,FQgtfugBdpFN7PZ6NdPrZpVLDBrPGxXesi4gVu3vErhY,BMT,SOL,24.54590084
60,htx,FQgtfugBdpFN7PZ6NdPrZpVLDBrPGxXesi4gVu3vErhY,BMT,solbmt,47.525
66,binance,0x9840652dc04fb9db2c43853633f0f62be6f00f98,CGPT,BSC,0.61
66,bitget,0x9840652dc04fb9db2c43853633f0f62be6f00f98,CGPT,BEP20,2.84900285
71,binance,LAYER4xPpTCb3QL8S9u41EAhAX7mhBn8Q6xMTwY2Yzc,LAYER,SOL,2.83
71,okx,LAYER4xPpTCb3QL8S9u41EAhAX7mhBn8Q6xMTwY2Yzc,LAYER,LAYER-Solana,5.3202439
71,bitget,LAYER4xPpTCb3QL8S9u41EAhAX7mhBn8Q6xMTwY2Yzc,LAYER,SOL,3.73552485
71,htx,LAYER4xPpTCb3QL8S9u41EAhAX7mhBn8Q6xMTwY2Yzc,LAYER,layer,6.9687
72,binance,0x95cef13441be50d20ca4558cc0a27b601ac544e5,MANTA,MANTA,0.15
72,bitget,0x95cef13441be50d20ca4558cc0a27b601ac544e5,MANTA,MantaNetWork,2.81690141
73,binance,0x06864a6f921804860930db6ddbe2e16acdf8504495ea7481637a1c8b9a8fe54b::cetus::CETUS,CETUS,SUI,0.5
73,htx,0x06864a6f921804860930db6ddbe2e16acdf8504495ea7481637a1c8b9a8fe54b::cetus::CETUS,CETUS,cetus,0.3
76,binance,0xaff2e841851700d1fc101995ee6b81ae21bb87d7,SPK,BSC,0.24
76,bitget,0xaff2e841851700d1fc101995ee6b81ae21bb87d7,SPK,BEP20,4.09466875
77,binance,MEFNBXixkEbait3xn9bkm8WsJzXtVsaJEn4c8Sam21u,ME,SOL,1.67
77,okx,MEFNBXixkEbait3xn9bkm8WsJzXtVsaJEn4c8Sam21u,ME,ME-Solana,2.38523783
77,bitget,MEFNBXixkEbait3xn9bkm8WsJzXtVsaJEn4c8Sam21u,ME,SOL,2.232642
77,htx,MEFNBXixkEbait3xn9bkm8WsJzXtVsaJEn4c8Sam21u,ME,me,4.1061
81,binance,6p6xgHyF7AeE6TZkSmFsko444wqoP15icUSqi2jfGiPN,TRUMP,SOL,0.092
81,okx,6p6xgHyF7AeE6TZkSmFsko444wqoP15icUSqi2jfGiPN,TRUMP,TRUMP-Solana,0.074
81,bitget,6p6xgHyF7AeE6TZkSmFsko444wqoP15icUSqi2jfGiPN,TRUMP,SOL,0.118751
81,htx,6p6xgHyF7AeE6TZkSmFsko444wqoP15icUSqi2jfGiPN,TRUMP,trumpsol,0.2588
88,binance,0x4200000000000000000000000000000000000042,OP,OPTIMISM,0.088
88,okx,0x4200000000000000000000000000000000000042,OP,OP-Optimism,0.1
88,bitget,0x4200000000000000000000000000000000000042,OP,Optimism,0.1
88,htx,0x4200000000000000000000000000000000000042,OP,optop,1.5
94,binance,0xdaf1695c41327b61b9b9965ac6a5843a3198cf07,STO,BSC,0.2
94,bitget,0xdaf1695c41327b61b9b9965ac6a5843a3198cf07,STO,BEP20,0.94732854
96,binance,0x8729438eb15e2c8b576fcc6aecda6a148776c0f5,QI,AVAXC,13.0
101,binance,0x0e09fabb73bd3ade0a17ecc321fd13a19e81ce82,CAKE,BSC,0.013
101,bitget,0x0e09fabb73bd3ade0a17ecc321fd13a19e81ce82,CAKE,BEP20,0.05852517
101,htx,0x0e09fabb73bd3ade0a17ecc321fd13a19e81ce82,CAKE,cake,0.22913502
102,binance,TSSMHYeV2uE9qYH95DqyoCuNCzEL1NvU3S,SUN,TRX,6.0
102,bitget,TSSMHYeV2uE9qYH95DqyoCuNCzEL1NvU3S,SUN,TRC20,222.71714923
102,htx,TSSMHYeV2uE9qYH95DqyoCuNCzEL1NvU3S,SUN,sun1,2.93
103,binance,0xfab99fcf605fd8f4593edb70a43ba56542777777,ZBT,BSC,0.17
103,bitget,0xfab99fcf605fd8f4593edb70a43ba56542777777,ZBT,BEP20,0.74586048
106,binance,0x4f9fd6be4a90f2620860d680c0d4d5fb53d1a825,AIXBT,BASE,3.56
106,bitget,0x4f9fd6be4a90f2620860d680c0d4d5fb53d1a825,AIXBT,BASE,13.75326641
109,binance,rndrizKT3MK1iimdxRdWabcF7Zg7AR5T4nud4EkHBof,RENDER,SOL,0.32
109,okx,rndrizKT3MK1iimdxRdWabcF7Zg7AR5T4nud4EkHBof,RENDER,RENDER-Solana,0.90835513
109,bitget,rndrizKT3MK1iimdxRdWabcF7Zg7AR5T4nud4EkHBof,RENDER,SOL,0.42698549
109,htx,rndrizKT3MK1iimdxRdWabcF7Zg7AR5T4nud4EkHBof,RENDER,render,0.8035
114,binance,0100000000000000000000000000000000000000,ONT,ONT,1.0
114,bitget,0100000000000000000000000000000000000000,ONT,Ontology,1.0
117,binance,0xc9d23ed2adb0f551369946bd377f8644ce1ca5c4,HYPER,ARBITRUM,0.67
117,bitget,0xc9d23ed2adb0f551369946bd377f8644ce1ca5c4,HYPER,BEP20,0.81477458
118,binance,0x47474747477b199288bf72a1d702f7fe0fb1deea,WLFI,BSC,0.23
118,okx,WLFinEv6ypjkczcS83FZqFpgFZYwQXutRbxGe7oC16g,WLFI,WLFI-Solana,10.0
124,binance,KMNo3nJsBXfcpJTVhZcXLW7RmTwTt4GVFE7suUBo9sS,KMNO,SOL,11.0
124,okx,KMNo3nJsBXfcpJTVhZcXLW7RmTwTt4GVFE7suUBo9sS,KMNO,KMNO-Solana,15.89867004
124,bitget,KMNo3nJsBXfcpJTVhZcXLW7RmTwTt4GVFE7suUBo9sS,KMNO,SOL,15.01501502
125,binance,0x4cb9a7ae498cedcbb5eae9f25736ae7d428c9d66,XAI,ARBITRUM,7.6
125,bitget,0x4cb9a7ae498cedcbb5eae9f25736ae7d428c9d66,XAI,ArbitrumOne,8.23045268
126,binance,0xf43eb8de897fbc7f2502483b2bef7bb9ea179229,ZEN,BASE,0.031
126,bitget,0xf43eb8de897fbc7f2502483b2bef7bb9ea179229,ZEN,BASE,0.00792017
131,binance,0xa2c22252cdc8b7cddee1b0b2e242818509fcf7b8,SXT,BASE,5.1
132,binance,EQCvxJy4eG8hyHBFsZ7eePxrRsUQSFE_jpptRAYBmcG_DOGS,DOGS,TON,100.0
132,okx,EQCvxJy4eG8hyHBFsZ7eePxrRsUQSFE_jpptRAYBmcG_DOGS,DOGS,DOGS-TON,50.0
132,bitget,EQCvxJy4eG8hyHBFsZ7eePxrRsUQSFE_jpptRAYBmcG_DOGS,DOGS,TON,9293.6802974
133,binance,0x8da443f84fea710266c8eb6bc34b71702d033ef2,CTSI,BSC,0.2
133,htx,0x491604c0fdf08347dd1fa4ee062a822a5dd06b5d,CTSI,ctsi,78.716231
134,binance,0x1789e0043623282d5dcc7f213d703c6d8bafbb04,LINEA,LINEA,6.0
134,okx,0x1789e0043623282d5dcc7f213d703c6d8bafbb04,LINEA,LINEA-Linea,10.0
134,bitget,0x1789e0043623282d5dcc7f213d703c6d8bafbb04,LINEA,LINEA,29.43340692
136,binance,0xf2c88757f8d03634671208935974b60a2a28bdb3,SHELL,BSC,0.13
136,bitget,0xf2c88757f8d03634671208935974b60a2a28bdb3,SHELL,BEP20,1.31694469
137,binance,0xaec945e04baf28b135fa7c640f624f8d90f1c3a6,C98,BSC,0.92
137,bitget,0xaec945e04baf28b135fa7c640f624f8d90f1c3a6,C98,BEP20,4.30292599
137,htx,0xae12c5930881c53715b369cec7606b70d8eb229f,C98,c98,109.8032
141,binance,0xd2a4cff31913016155e38e474a2c06d08be276cf,GAS,NEO3,0.05
141,okx,0xd2a4cff31913016155e38e474a2c06d08be276cf,GAS,GAS-N3,0.1
141,bitget,0xd2a4cff31913016155e38e474a2c06d08be276cf,GAS,NEO3,0.05
142,binance,ukHH6c7mMyiWCf1b9pnWe25TSpkDDt3H5pQZgZ74J82,BOME,SOL,353.0
142,okx,ukHH6c7mMyiWCf1b9pnWe25TSpkDDt3H5pQZgZ74J82,BOME,BOME-Solana,1163.36002888
142,bitget,ukHH6c7mMyiWCf1b9pnWe25TSpkDDt3H5pQZgZ74J82,BOME,SOL,987.1668312
142,htx,ukHH6c7mMyiWCf1b9pnWe25TSpkDDt3H5pQZgZ74J82,BOME,bome,1864.2934
146,binance,DezXAZ8z7PnrnRJjz3wXBoRgixCa6xjnB7YaB1pPB263,BONK,SOL,53448.0
146,okx,DezXAZ8z7PnrnRJjz3wXBoRgixCa6xjnB7YaB1pPB263,BONK,BONK-Solana,108038.64181271
146,bitget,DezXAZ8z7PnrnRJjz3wXBoRgixCa6xjnB7YaB1pPB263,BONK,SOL,71123.75534
146,htx,DezXAZ8z7PnrnRJjz3wXBoRgixCa6xjnB7YaB1pPB263,BONK,bonk,135671.03
149,binance,EQAJ8uWd7EBqsmpSWaRdf_I-8R8-XHwh3gsNKhy-UrdrPcUo,HMSTR,TON,161.0
149,okx,EQAJ8uWd7EBqsmpSWaRdf_I-8R8-XHwh3gsNKhy-UrdrPcUo,HMSTR,HMSTR-TON,30.0
149,bitget,EQAJ8uWd7EBqsmpSWaRdf_I-8R8-XHwh3gsNKhy-UrdrPcUo,HMSTR,TON,1258.49484018
154,binance,0x5a7d6b2f92c77fad6ccabd7ee0624e64907eaf3e,ZK,ZKSYNCERA,0.1
154,bitget,0x5a7d6b2f92c77fad6ccabd7ee0624e64907eaf3e,ZK,zkSyncEra,32.0615582
154,htx,0x5a7d6b2f92c77fad6ccabd7ee0624e64907eaf3e,ZK,zk,1.2
155,binance,0x15247e6e23d3923a853ccf15940a20ccdf16e94a,ZKC,BSC,0.15
157,binance,HUMA1821qVDKta3u2ovmfDQeW2fSQouSKE8fkF44wvGw,HUMA,SOL,21.0
157,okx,HUMA1821qVDKta3u2ovmfDQeW2fSQouSKE8fkF44wvGw,HUMA,HUMA-Solana,48.60000004
157,bitget,HUMA1821qVDKta3u2ovmfDQeW2fSQouSKE8fkF44wvGw,HUMA,SOL,38.714673
158,htx,0xfc82bb4ba86045af6f327323a46e80412b91b27d,PROM,erc20prom,0.40757219
159,binance,EQD-cvR0Nz6XAyRBvbhz-abTrRC6sI5tvHvvpeQraV9UAAD7,CATI,TON,0.82
159,okx,EQD-cvR0Nz6XAyRBvbhz-abTrRC6sI5tvHvvpeQraV9UAAD7,CATI,CATI-TON,0.04
159,bitget,EQD-cvR0Nz6XAyRBvbhz-abTrRC6sI5tvHvvpeQraV9UAAD7,CATI,TON,6.34276291
162,binance,0x0f81001ef0a83ecce5ccebf63eb302c70a39a654,DOLO,ARBITRUM,2.3
162,bitget,0x0f81001ef0a83ecce5ccebf63eb302c70a39a654,DOLO,BERA,12.20703125
166,binance,0xbcfc435d8f276585f6431fc1b9ee9a850b5c00a9,MTL,MTL,0.1
166,bitget,0xbcfc435d8f276585f6431fc1b9ee9a850b5c00a9,MTL,MetalDAOL2,2.15982722
166,htx,0xbcfc435d8f276585f6431fc1b9ee9a850b5c00a9,MTL,metalmtl,0.2
168,binance,0x55d398326f99059ff775485246999027b3197955,USDT,BSC,0.0
168,okx,0x357b0b74bc833e95a115ad22604854d6b0fca151cecd94111770e5d6ffc9dc2b,USDT,USDT-Aptos,0.03
168,bitget,0x55d398326f99059ff775485246999027b3197955,USDT,BEP20,0.0
168,htx,0x9702230a8ea53601f5cd2dc00fdbc13d4df4a8c7,USDT,cchainusdt,0.21
171,binance,0xbdeae1ca48894a1759a8374d63925f21f2ee2639,EDU,BSC,0.18
173,binance,0x8d0d000ee44948fc98c9b98a4fa4921476f08b0d,USD1,BSC,0.0
173,bitget,0x8d0d000ee44948fc98c9b98a4fa4921476f08b0d,USD1,BEP20,0.0
173,htx,TPFqcBAaaUMCSVRCqPaQ9QnzKhmuoLR6Rc,USD1,trc20usd1,0.4997
175,binance,0x77146784315ba81904d654466968e3a7c196d1f3,TREE,BSC,2.6e-05
176,binance,0x29219dd400f2bf60e5a23d13be72b486d4038894,USDC,SONIC,0.01
176,bitget,0x29219dd400f2bf60e5a23d13be72b486d4038894,USDC,SONIC,0.0
176,htx,0x29219dd400f2bf60e5a23d13be72b486d4038894,USDC,sonicusdc,0.01
179,binance,sats,1000SATS,ORDIBTC,100000.0
179,htx,sats,SATS,sats,1203508400.0
181,binance,0x51ba0b044d96c3abfca52b64d733603ccc4f0d4d,SUPER,BSC,0.027
181,htx,0xe53ec727dbdeb9e2d5456c3be40cff031ab40a55,SUPER,super,10.246882
183,binance,0x37a645648df29205c6261289983fb04ecd70b4b3,ANIME,ARBITRUM,21.0
183,okx,0x37a645648df29205c6261289983fb04ecd70b4b3,ANIME,ANIME-Arbitrum One,0.79433076
183,bitget,0x37a645648df29205c6261289983fb04ecd70b4b3,ANIME,ArbitrumOne,22.39641658
188,binance,4k3Dyjzvzp8eMZWUXbBCjEvwSkkk59S5iCNLY3QrkX6R,RAY,SOL,0.2
188,okx,4k3Dyjzvzp8eMZWUXbBCjEvwSkkk59S5iCNLY3QrkX6R,RAY,RAY-Solana,0.39
188,bitget,4k3Dyjzvzp8eMZWUXbBCjEvwSkkk59S5iCNLY3QrkX6R,RAY,SOL,0.579375
188,htx,4k3Dyjzvzp8eMZWUXbBCjEvwSkkk59S5iCNLY3QrkX6R,RAY,ray,1.0766
190,binance,0x6985884c4392d348587b19cb9eaaf157f13271cd,ZRO,AVAXC,0.048
190,bitget,0x6985884c4392d348587b19cb9eaaf157f13271cd,ZRO,ArbitrumOne,0.12484395
194,binance,0x3019bf2a2ef8040c242c9a4c5c4bd4c81678b2a1,GMT,BSC,0.4
194,okx,7i5KKsX2weiTkry7jA4ZwSuXGhs5eJBEjY8vVxR4pfRx,GMT,GMT-Solana,41.53589747
194,bitget,7i5KKsX2weiTkry7jA4ZwSuXGhs5eJBEjY8vVxR4pfRx,GMT,SOL,39.82477101
194,htx,7i5KKsX2weiTkry7jA4ZwSuXGhs5eJBEjY8vVxR4pfRx,GMT,gmt,73.512
195,binance,0x62edc0692bd897d2295872a9ffcac5425011c661,GMX,AVAXC,0.0078
195,okx,0xfc5a1a6eb076a2c7ad06ed22c90d7e710e35ad0a,GMX,GMX-Arbitrum One,0.01
195,bitget,0xfc5a1a6eb076a2c7ad06ed22c90d7e710e35ad0a,GMX,ArbitrumOne,0.02038736
196,binance,0xe5417af564e4bfda1c483642db72007871397896,GNS,MATIC,0.0031
196,bitget,0xe5417af564e4bfda1c483642db72007871397896,GNS,Polygon,0.14
197,binance,0x8de5b80a0c1b02fe4976851d030b36122dbb8624,VANRY,MATIC,0.22
202,binance,0xc27a719105a987b4c34116223cae8bd8f4b5def4,ACE,BSC,0.11
202,bitget,0xc27a719105a987b4c34116223cae8bd8f4b5def4,ACE,BEP20,0.52083334
206,binance,0x0000000000000000000000000000456e65726779,VTHO,VET,70.0
206,bitget,0x0000000000000000000000000000456e65726779,VTHO,VET,70.0
208,binance,GJAFwWjJ3vnTsrQVabjBVK2TYB1YtRCQXRDfDgUnpump,ACT,SOL,35.0
208,okx,GJAFwWjJ3vnTsrQVabjBVK2TYB1YtRCQXRDfDgUnpump,ACT,ACT-Solana,28.0
208,bitget,GJAFwWjJ3vnTsrQVabjBVK2TYB1YtRCQXRDfDgUnpump,ACT,SOL,47.77830865
208,htx,GJAFwWjJ3vnTsrQVabjBVK2TYB1YtRCQXRDfDgUnpump,ACTSOL,actsol,89.5492
211,binance,0x0b3e328455c4059eeb9e3f84b5543f74e24e7e1b,VIRTUAL,BASE,0.26
211,bitget,0x0b3e328455c4059eeb9e3f84b5543f74e24e7e1b,VIRTUAL,BASE,2.80210158
213,binance,0x0c1dc73159e30c4b06170f2593d3118968a0dca5,GPS,BASE,46.0
213,bitget,0x0c1dc73159e30c4b06170f2593d3118968a0dca5,GPS,BASE,25.25252526
219,binance,EchesyfXePKdLtoiZSL8pBe8Myagyy8ZRqsACNCFGnvp,FIDA,SOL,7.13
219,bitget,EchesyfXePKdLtoiZSL8pBe8Myagyy8ZRqsACNCFGnvp,FIDA,SOL,17.574693
222,binance,0xabe8e5cabe24cb36df9540088fd7ce1175b9bc52,SOLV,BSC,1.87
222,bitget,0xabe8e5cabe24cb36df9540088fd7ce1175b9bc52,SOLV,BEP20,8.54700855
223,binance,0x00000000a22c618fd6b4d7e9a335c4b96b189a38,TOWNS,BASE,34.0
223,bitget,0x00000000a22c618fd6b4d7e9a335c4b96b189a38,TOWNS,BASE,9.11577029
225,binance,0x9623063377ad1b27544c965ccd7342f7ea7e88c7,GRT,ARBITRUM,2.36
225,okx,0xc944e90c64b2c07662a292be6244bdf05cda44a7,GRT,GRT-ERC20,9.3
225,htx,0xc944e90c64b2c07662a292be6244bdf05cda44a7,GRT,grt,63.266893
228,binance,0x2222227e22102fe3322098e4cbfe18cfebd57c95,TLM,BSC,3.66
228,bitget,0x2222227e22102fe3322098e4cbfe18cfebd57c95,TLM,BEP20,47.31861199
230,binance,uluna,LUNC,LUNC,22.66
235,binance,0x1a5d7e4c3a7f940b240b7357a4bfed30d17f9497,HOLO,BSC,0.25
235,bitget,0x1a5d7e4c3a7f940b240b7357a4bfed30d17f9497,HOLO,BEP20,1.15500116
235,htx,69RX85eQoEsnZvXGmLNjYcWgVkp9r2JjahVm99KbJETU,HOLOWORLD,holoworld,13.9872
237,binance,0x7aafd31a321d3627b30a8e2171264b56852187fe,MIRA,BASE,1.42
237,bitget,0x7aafd31a321d3627b30a8e2171264b56852187fe,MIRA,BASE,0.37850114
238,binance,0x4bfaa776991e85e5f8b1255461cbbd216cfc714f,HOME,BSC,0.42
238,bitget,0x4bfaa776991e85e5f8b1255461cbbd216cfc714f,HOME,BEP20,6.9341716
250,binance,0x000ae314e2a2172a039b26378814c252734f556a,ASTER,BSC,0.033
250,bitget,0x000ae314e2a2172a039b26378814c252734f556a,ASTER,BEP20,0.14747813
251,binance,0x3da932456d082cba208feb0b096d49b202bf89c8,DEGO,BSC,0.038
252,binance,2qEHjDLDLbuBgRYvsxhc5D6uDWAivNFZGan56P1tpump,PNUT,SOL,5.67
252,okx,2qEHjDLDLbuBgRYvsxhc5D6uDWAivNFZGan56P1tpump,PNUT,PNUT-Solana,6.83070422
252,bitget,2qEHjDLDLbuBgRYvsxhc5D6uDWAivNFZGan56P1tpump,PNUT,SOL,7.57575758
252,htx,2qEHjDLDLbuBgRYvsxhc5D6uDWAivNFZGan56P1tpump,PNUT,pnut,14.489
253,binance,0xd0258a3fd00f38aa8090dfee343f10a9d4d30d3f,VOXEL,MATIC,0.11
253,bitget,0xd0258a3fd00f38aa8090dfee343f10a9d4d30d3f,VOXEL,Polygon,25.8398
253,htx,0xd0258a3fd00f38aa8090dfee343f10a9d4d30d3f,VOXEL,voxel,0.2536
256,binance,0xfdffb411c4a70aa7c95d5c981a6fb4da867e1111,SAHARA,BSC,0.2
256,bitget,0xfdffb411c4a70aa7c95d5c981a6fb4da867e1111,SAHARA,BEP20,2.00026671
260,binance,0x2170ed0880ac9a755fd29b2688956bd959f933f8,ETH,BSC,4e-06
260,bitget,0x2170ed0880ac9a755fd29b2688956bd959f933f8,ETH,BEP20,3.845e-05
260,htx,ETH_eth,ETH,eth,0.0012
262,binance,0xef4073a0f2b305a38ec4050e4d3d28bc40ea63f5,NEO,NEO3,0.0
262,okx,0xef4073a0f2b305a38ec4050e4d3d28bc40ea63f5,NEO,NEO-N3,0.01
262,bitget,0xef4073a0f2b305a38ec4050e4d3d28bc40ea63f5,NEO,NEO3,0.0
264,binance,0x8457ca5040ad67fdebbcc8edce889a335bc0fbfb,ALT,BSC,0.5
264,bitget,0x8457ca5040ad67fdebbcc8edce889a335bc0fbfb,ALT,BEP20,8.55188142
265,binance,ordi,ORDI,ORDIBTC,1.2
265,htx,ordi,ORDI,ordi,5.505996
269,binance,0x868fced65edbf0056c4163515dd840e9f287a4c3,SIGN,BSC,0.25
269,bitget,0x868fced65edbf0056c4163515dd840e9f287a4c3,SIGN,BASE,26.53223667
272,binance,orcaEKTdK7LKz57vaAYr9QeNsVEPfiu6QeMU1kektZE,ORCA,SOL,0.29
272,bitget,orcaEKTdK7LKz57vaAYr9QeNsVEPfiu6QeMU1kektZE,ORCA,SOL,0.657031
272,htx,orcaEKTdK7LKz57vaAYr9QeNsVEPfiu6QeMU1kektZE,ORCA,orca,1.2819
274,binance,uusd,USTC,LUNC,0.6
276,binance,0x86bb94ddd16efc8bc58e6b056e8df71d9e666429,TST,BSC,0.61
276,bitget,0x86bb94ddd16efc8bc58e6b056e8df71d9e666429,TSTBSC,BEP20,0.15
280,binance,0x539bde0d7dbd336b79148aa742883198bbf60342,MAGIC,ARBITRUM,0.93
280,okx,0x539bde0d7dbd336b79148aa742883198bbf60342,MAGIC,MAGIC-Arbitrum One,0.0872885
280,bitget,0x539bde0d7dbd336b79148aa742883198bbf60342,MAGIC,ArbitrumOne,1.45772595
281,binance,0xac51066d7bec65dc4589368da368b212745d63e8,ALICE,BSC,0.11
281,bitget,0xac51066d7bec65dc4589368da368b212745d63e8,ALICE,BEP20,3.481895
281,htx,0xac51066d7bec65dc4589368da368b212745d63e8,ALICE,alice,13.22861
283,binance,0xcaae2a2f939f51d97cdfa9a86e79e3f085b799f3,TUT,BSC,1.55
283,bitget,0xcaae2a2f939f51d97cdfa9a86e79e3f085b799f3,TUT,BEP20,7.31600254
288,binance,HZ1JovNiVvGrGNiiYvEozEVgZ58xaU3RKwX8eACQBCt3,PYTH,SOL,6.83
288,okx,HZ1JovNiVvGrGNiiYvEozEVgZ58xaU3RKwX8eACQBCt3,PYTH,PYTH-Solana,8.66971382
288,bitget,HZ1JovNiVvGrGNiiYvEozEVgZ58xaU3RKwX8eACQBCt3,PYTH,SOL,9.082653
288,htx,HZ1JovNiVvGrGNiiYvEozEVgZ58xaU3RKwX8eACQBCt3,PYTH,pyth,17.4122
293,binance,0x4b0f1812e5df2a09796481ff14017e6005508003,TWT,BSC,0.022
293,bitget,0x4b0f1812e5df2a09796481ff14017e6005508003,TWT,BEP20,0.12019231
294,binance,0x59264f02d301281f3393e1385c0aefd446eb0f00,PARTI,BSC,0.098
294,bitget,0x59264f02d301281f3393e1385c0aefd446eb0f00,PARTI,BASE,1.45348838
295,binance,0x912ce59144191c1204e64559fe8253a0e49e6548,ARB,ARBITRUM,0.43
295,okx,0x912ce59144191c1204e64559fe8253a0e49e6548,ARB,ARB-Arbitrum One,0.02
295,bitget,0x912ce59144191c1204e64559fe8253a0e49e6548,ARB,ArbitrumOne,0.6455778
297,binance,0x6894cde390a3f51155ea41ed24a33a4827d3063d,1000CAT,BSC,2.14
299,binance,pumpCmXqMfrsAkQ5r49WcJnRayYRqmXz6ae8H7H9Dfn,PUMP,SOL,148.0
299,okx,pumpCmXqMfrsAkQ5r49WcJnRayYRqmXz6ae8H7H9Dfn,PUMP,PUMP-Solana,240.1175454
299,bitget,pumpCmXqMfrsAkQ5r49WcJnRayYRqmXz6ae8H7H9Dfn,PUMP,SOL,204.081633
299,htx,pumpCmXqMfrsAkQ5r49WcJnRayYRqmXz6ae8H7H9Dfn,PUMP,pumpfun,409.1073
301,binance,TAFjULxiVgT4qWk6UZwjqwZXTSaGaqnVp4,BTTC,TRX,595132.0
301,bitget,TAFjULxiVgT4qWk6UZwjqwZXTSaGaqnVp4,BTT,TRC20,10266940.45174538
301,htx,TAFjULxiVgT4qWk6UZwjqwZXTSaGaqnVp4,BTT,btt1,60000.0
305,binance,J6pQQ3FAcJQeWPPGppWRb4nM8jU3wLyYbRrLh7feMfvd,2Z,SOL,3.53
305,bitget,J6pQQ3FAcJQeWPPGppWRb4nM8jU3wLyYbRrLh7feMfvd,2Z,SOL,4.83982596
306,binance,0xa2120b9e674d3fc3875f415a7df52e382f141225,ATA,BSC,0.36
307,binance,0xa227cc36938f0c9e09ce0e64dfab226cad739447,OPEN,BSC,0.088
307,bitget,0xa227cc36938f0c9e09ce0e64dfab226cad739447,OPEN,BEP20,0.41566215
307,htx,0xa227cc36938f0c9e09ce0e64dfab226cad739447,OPEN,openeth,10.67757
309,binance,TNSRxcUxoT9xBG3de7PiJyTDYu7kskLqcpddxnEJAS6,TNSR,SOL,5.28
309,okx,TNSRxcUxoT9xBG3de7PiJyTDYu7kskLqcpddxnEJAS6,TNSR,TNSR-Solana,14.57114228
309,bitget,TNSRxcUxoT9xBG3de7PiJyTDYu7kskLqcpddxnEJAS6,TNSR,SOL,18.60119048
309,htx,TNSRxcUxoT9xBG3de7PiJyTDYu7kskLqcpddxnEJAS6,TNSR,tnsr,32.8217
312,binance,ukava,KAVA,KAVA,0.03
317,binance,EQAvlWFDxGF2lXm67y4yzC17wYKD9A0guwPkMs1gOsM__NOT,NOT,TON,82.0
317,okx,EQAvlWFDxGF2lXm67y4yzC17wYKD9A0guwPkMs1gOsM__NOT,NOT,NOT-TON,30.0
317,bitget,EQAvlWFDxGF2lXm67y4yzC17wYKD9A0guwPkMs1gOsM__NOT,NOT,TON,648.50843061
318,binance,0x356a26eb9e012a68958082340d4c4116e7f55615cf27affcff209cf0ae544f59::wal::WAL,WAL,SUI,0.68
322,binance,0x1b4617734c43f6159f3a70b7e06d883647512778,AWE,BASE,7.71
322,bitget,0x1b4617734c43f6159f3a70b7e06d883647512778,AWE,BASE,14.24298533
324,binance,0xf8f173e20e15f3b6cb686fb64724d370689de083,HEI,BSC,0.04
330,binance,0xef4461891dfb3ac8572ccf7c794664a8dd927945,WCT,OPTIMISM,0.14
330,okx,0xef4461891dfb3ac8572ccf7c794664a8dd927945,WCT,WCT-Optimism,1.0
330,bitget,0xef4461891dfb3ac8572ccf7c794664a8dd927945,WCT,Optimism,6.41354541
332,binance,0x3a304c7feba2d819ea57c3542d68439ca2c386ba02159c740f7b406e592c62ea::haedal::HAEDAL,HAEDAL,SUI,1.65
332,htx,0x3a304c7feba2d819ea57c3542d68439ca2c386ba02159c740f7b406e592c62ea::haedal::HAEDAL,HAEDAL,haedal,0.18
335,binance,2zMMhcVQEXDtdE6vsFS7S7D5oUodfJHE8vd1gnBouauv,PENGU,SOL,36.0
335,okx,2zMMhcVQEXDtdE6vsFS7S7D5oUodfJHE8vd1gnBouauv,PENGU,PENGU-Solana,87.76150152
335,bitget,2zMMhcVQEXDtdE6vsFS7S7D5oUodfJHE8vd1gnBouauv,PENGU,SOL,49.14005
335,htx,2zMMhcVQEXDtdE6vsFS7S7D5oUodfJHE8vd1gnBouauv,PENGU,pengu,94.0576
338,binance,0x287880ea252b52b63cc5f40a2d3e5a44aa665a76,ALPINE,BSC,0.0086
338,bitget,0x287880ea252b52b63cc5f40a2d3e5a44aa665a76,ALPINE,BEP20,0.20134229
340,binance,0x6e88056e8376ae7709496ba64d37fa2f8015ce3e,DEXE,BSC,0.005
340,htx,0xde4ee8057785a7e8e800db58f9784845a5c2cbd6,DEXE,dexe,0.6147291
341,binance,0xfceb31a79f71ac9cbdcf853519c1b12d379edc46,LISTA,BSC,0.12
341,bitget,0xfceb31a79f71ac9cbdcf853519c1b12d379edc46,LISTA,BEP20,0.5520795
344,binance,0x98d0baa52b2d063e780de12f615f963fe8537553,KAITO,BASE,0.36
344,bitget,0x98d0baa52b2d063e780de12f615f963fe8537553,KAITO,BASE,3.83141763
346,binance,0xf7de7e8a6bd59ed41a4b5fe50278b3b7f31384df,RDNT,BSC,0.8
346,okx,0x3082cc23568ea640225c2467653db90e9250aaa0,RDNT,RDNT-Arbitrum One,0.5
346,bitget,0x3082cc23568ea640225c2467653db90e9250aaa0,RDNT,ArbitrumOne,13.02083334
347,binance,0x430ef9263e76dae63c84292c3409d61c598e9682,PYR,MATIC,0.0062
347,htx,0x430ef9263e76dae63c84292c3409d61c598e9682,PYR,pyr1,6.2202374
349,binance,0x20d6015660b3fe52e6690a889b5c51f69902ce0e,GIGGLE,BSC,0.00026
356,binance,EKpQGSJtjMFqKZ9KQanSqYXRcF8fBopzLHYxdM65zcjm,WIF,SOL,0.75
356,okx,EKpQGSJtjMFqKZ9KQanSqYXRcF8fBopzLHYxdM65zcjm,WIF,WIF-Solana,3.01668874
356,bitget,EKpQGSJtjMFqKZ9KQanSqYXRcF8fBopzLHYxdM65zcjm,WIF,SOL,1.91975428
356,htx,EKpQGSJtjMFqKZ9KQanSqYXRcF8fBopzLHYxdM65zcjm,WIF,wif,3.6574
360,binance,TLa2f6VPqDgRE67v1736s7bJ8Ray5wYjU7,WIN,TRX,106.0
360,okx,TLa2f6VPqDgRE67v1736s7bJ8Ray5wYjU7,WINTOKEN,WIN-TRC20,11419.94
360,bitget,TLa2f6VPqDgRE67v1736s7bJ8Ray5wYjU7,WIN,TRC20,129332.65
360,htx,TLa2f6VPqDgRE67v1736s7bJ8Ray5wYjU7,WIN,win,12688.815
365,binance,0x14778860e937f509e651192a90589de711fb88a9,CYBER,BSC,0.0076
365,bitget,0x14778860e937f509e651192a90589de711fb88a9,CYBER,Optimism,1.00503
371,binance,0x0df0587216a4a1bb7d5082fdc491d93d2dd4b413,1000CHEEMS,BSC,23.0
371,bitget,0x0df0587216a4a1bb7d5082fdc491d93d2dd4b413,CHEEMS,BEP20,108318.89081456
375,okx,0x7fc66500c84a76ad7e9c93437bfc5ac33e2ddae9,AAVE,AAVE-ERC20,0.0026
378,okx,0xed04915c23f00a313a544955524eb7dbd823143d,ACH,ACH-ERC20,46.56
378,htx,0xed04915c23f00a313a544955524eb7dbd823143d,ACH,ach,311.03214
380,okx,0x91af0fbb28aba7e31403cb457106ce79397fd4e6,AERGO,AERGO-ERC20,7.95
382,okx,0x32353a6c91143bfd6c7d363b546e62a9a2489a20,AGLD,AGLD-ERC20,1.52
382,htx,0x32353a6c91143bfd6c7d363b546e62a9a2489a20,AGLD,agld,10.061159
385,okx,0x4d224452801aced8b2f0aebe155379bb5d594381,APE,APE-ERC20,1.41
386,okx,0x0b38210ea11411557c13457d4da7dc6ea731b88a,API3,API3-ERC20,0.9
396,okx,0xa9b1eb5908cfc3cdf91f9b8b3a74108598009096,AUCTION,AUCTION-ERC20,0.089
396,htx,0xa9b1eb5908cfc3cdf91f9b8b3a74108598009096,AUCTION,auction,0.57894155
398,okx,0xbb0e17ef65f82ab018d8edd776e8dd940327b28b,AXS,AXS-ERC20,0.4
398,htx,0xbb0e17ef65f82ab018d8edd776e8dd940327b28b,AXS,axs1,2.5900546
400,okx,0xba100000625a3754423978a60c9317c58a424e3d,BAL,BAL-ERC20,0.6
400,htx,0xba100000625a3754423978a60c9317c58a424e3d,BAL,bal,3.9774824
401,okx,0x38e68a37e401f7271568cecaac63c6b1e19130b4,BANANA,BANANA-ERC20,0.046
402,binance,0xad6caeb32cd2c308980a548bd0bc5aa4306c6c18,BAND,BSC,0.02
402,okx,0xba11d00c5f74255f56a5e366f4f77f5a186d7f55,BAND,BAND-ERC20,1.15
404,okx,0x0d8775f648430679a709e98d2b0cb6250d2887ef,BAT,BAT-ERC20,3.5
404,htx,0x0d8775f648430679a709e98d2b0cb6250d2887ef,BAT,bat,24.118838
407,okx,0xf17e65822b568b3903685a7c9f496cf7656cc6c2,BICO,BICO-ERC20,9.69
409,okx,0xcb1592591996765ec0efc1f92599a19767ee5ffa,BIO,BIO-ERC20,6.97
410,okx,0x5283d291dbcf85356a21ba090e6db59121208b44,BLUR,BLUR-ERC20,1.0
410,htx,0x5283d291dbcf85356a21ba090e6db59121208b44,BLUR,blur,80.687627
414,binance,0x1f9f6a696c6fd109cd3956f45dc709d2b3902163,CELR,BSC,2.12
414,okx,0x4f9254c83eb525f9fcf346490bbb3ed28a81c667,CELR,CELR-ERC20,104.27
418,okx,0x3506424f91fd33084466f402d5d97f05f8e3b4af,CHZ,CHZ-ERC20,18.53
420,okx,0x80c62fe4487e1351b47ba49809ebd60ed085bf52,CLV,CLV-ERC20,45.61
420,htx,0x80c62fe4487e1351b47ba49809ebd60ed085bf52,CLV,clv,308.61352
421,okx,0xc00e94cb662c3520282e6f5717214004a7f26888,COMP,COMP-ERC20,0.017
421,htx,0xc00e94cb662c3520282e6f5717214004a7f26888,COMP,comp,0.11055172
424,okx,0xd533a949740bb3306d119cc777fa900ba034cd52,CRV,CRV-ERC20,1.11
424,htx,0xd533a949740bb3306d119cc777fa900ba034cd52,CRV,crv,7.4951513
426,okx,0xa3ee21c306a700e682abcdfe9baa6a08f3820419,CTC,CTC-ERC20,1.22
426,htx,0xa3ee21c306a700e682abcdfe9baa6a08f3820419,CTC,ctc,8.3179647
427,okx,0x41e5560054824ea6b0732e656e3ad64e20e94e45,CVC,CVC-ERC20,10.02
427,htx,0x41e5560054824ea6b0732e656e3ad64e20e94e45,CVC,cvc,66.405738
428,okx,0x4e3fbd56cd56c3e72c1403e103b45db9da5b9d2b,CVX,CVX-ERC20,0.26
428,htx,0x4e3fbd56cd56c3e72c1403e103b45db9da5b9d2b,CVX,cvx,1.8069351
432,okx,0x4ed4e862860bed51a9570b96d89af5e1b0efefed,DEGEN,DEGEN-Base,0.5
432,bitget,0x4ed4e862860bed51a9570b96d89af5e1b0efefed,DegenReborn,BASE,51.20328
436,okx,DvjbEsdca43oQcw2h3HW1CT7N3x5vRcr3QrvTUHnXvgV,DOOD,DOOD-Solana,89.30119712
436,bitget,DvjbEsdca43oQcw2h3HW1CT7N3x5vRcr3QrvTUHnXvgV,DOOD,SOL,121.50668287
439,okx,EQDWXjnVWheFemaAaFn-Cp4nDehvGllrXOZ8wqHm8sDEwn_c,DUCK,DUCK-TON,5.0
439,bitget,EQDWXjnVWheFemaAaFn-Cp4nDehvGllrXOZ8wqHm8sDEwn_c,DUCK,TON,310.17369728
442,okx,0xec53bf9167f50cdeb3ae105f56099aaab9061f83,EIGEN,EIGEN-ERC20,2.0
442,htx,0xec53bf9167f50cdeb3ae105f56099aaab9061f83,EIGEN,eigen,3.8054832
444,okx,0x761d38e5ddf6ccf6cf7c55759d5210750b5d60f3,ELON,ELON-ERC20,7928151.63
444,htx,0x761d38e5ddf6ccf6cf7c55759d5210750b5d60f3,ELON,elon,52517428.0
447,okx,0xc18360217d8f7ab5e7c516566761ea12ce7f9d72,ENS,ENS-ERC20,0.039
449,okx,0xfe0c30065b384f05761f15d0cc899d4f9f9cc0eb,ETHFI,ETHFI-ERC20,0.63
456,okx,0x5fbdf89403270a1846f5ae7d113a989f850d1566,FOXY,FOXY-Linea,200.0
457,okx,0x3432b6a60d23ca0dfca7761b7ab56459d9c964d0,FXS,FXS-ERC20,0.45
457,htx,0x3432b6a60d23ca0dfca7761b7ab56459d9c964d0,FXS,fxs,2.8729713
459,okx,0xd1d2eb1b1e90b638588728b4130137d262c87cae,GALA,GALA-ERC20,363.2
463,okx,0x7dd9c5cba05e151c895fde1cf355c9a1d5da6429,GLM,GLM-ERC20,3.2
463,htx,0x7dd9c5cba05e151c895fde1cf355c9a1d5da6429,GLM,glm,22.53327
464,okx,CzLSujWBLFsSjncfkh59rUFqvafWcY5tzedWJSuypump,GOAT,GOAT-Solana,17.13874171
464,bitget,CzLSujWBLFsSjncfkh59rUFqvafWcY5tzedWJSuypump,GOAT,SOL,19.37609
464,htx,CzLSujWBLFsSjncfkh59rUFqvafWcY5tzedWJSuypump,GOAT,goat,36.6158
465,okx,0xccc8cb5229b0ac8069c51fd58367fd1e622afd97,GODS,GODS-ERC20,6.76
465,htx,0xccc8cb5229b0ac8069c51fd58367fd1e622afd97,GODS,gods,45.358793
468,okx,0xc335df7c25b72eec661d5aa32a7c2b7b2a1d1874,ICE,ICE-BSC,30.0
468,bitget,0xc335df7c25b72eec661d5aa32a7c2b7b2a1d1874,ICE,BEP20,47.48338082
472,okx,0x767fe9edc9e0df98e07454847909b5e959d7ca0e,ILV,ILV-ERC20,0.055
473,okx,0xf57e7e7c23978c3caec3c3548e3d615c346e79ff,IMX,IMX-ERC20,1.15
473,htx,0xf57e7e7c23978c3caec3c3548e3d615c346e79ff,IMX,imx,7.6695488
478,okx,Jambjx1oJoZNBZiqbiF9TqgatEZPdyfvYa9WVsKNzUh,J,J-Solana,9.96617335
478,bitget,Jambjx1oJoZNBZiqbiF9TqgatEZPdyfvYa9WVsKNzUh,J,SOL,19.45903873
483,okx,0xdefa4e8a7bcba345f687a2f1456f5edd9ce97202,KNC,KNC-ERC20,1.99
486,okx,0x5a98fcbea516cf06857215779fd812ca3bef1b32,LDO,LDO-ERC20,0.66
486,htx,0x5a98fcbea516cf06857215779fd812ca3bef1b32,LDO,ldo,4.3865942
488,okx,0x514910771af9ca656af840dff83e8264ecf986ca,LINK,LINK-ERC20,0.033
488,htx,0x514910771af9ca656af840dff83e8264ecf986ca,LINK,link,0.22345565
489,okx,0xf4d2888d29d722226fafa5d9b24f9164c092421e,LOOKS,LOOKS-ERC20,81.06
490,okx,0x58b6a8a3302369daec383334672404ee733ab239,LPT,LPT-ERC20,0.12
490,htx,0x58b6a8a3302369daec383334672404ee733ab239,LPT,lpt,0.80591899
491,okx,0x6dea81c8171d0ba574754ef6f8b412f2ed88c54d,LQTY,LQTY-ERC20,1.03
491,htx,0x6dea81c8171d0ba574754ef6f8b412f2ed88c54d,LQTY,lqty,7.4665799
492,okx,0xbbbbca6a901c926f240b89eacb641d8aec7aeafd,LRC,LRC-ERC20,8.55
496,okx,EQCuPm01HldiduQ55xaBF_1kaW_WAUy5DHey8suqzU_MAJOR,MAJOR,MAJOR-TON,0.5
496,bitget,EQCuPm01HldiduQ55xaBF_1kaW_WAUy5DHey8suqzU_MAJOR,MAJOR,TON,4.75285172
497,okx,0x0f5d2fb29fb7d3cfee444a200298f468908cc942,MANA,MANA-ERC20,2.54
497,htx,0x0f5d2fb29fb7d3cfee444a200298f468908cc942,MANA,mana,16.982564
498,okx,0x69af81e73a73b40adf4f3d4223cd9b1ece623074,MASK,MASK-ERC20,0.7
498,htx,0x69af81e73a73b40adf4f3d4223cd9b1ece623074,MASK,mask,4.675611
500,okx,0x506a6fc25f1c7d52ceb06ea44a3114c9380f8e2029b4356019822f248b49e411::memefi::MEMEFI,MEMEFI,MEMEFI-SUI,50.0
500,htx,0x506a6fc25f1c7d52ceb06ea44a3114c9380f8e2029b4356019822f248b49e411::memefi::MEMEFI,MEMEFI,memefi,3.8
503,okx,METvsvVRapdj9cFLzq4Tr43xK4tAjQfwX76z3n6mWQL,MET,MET-Solana,1.2604031
503,bitget,METvsvVRapdj9cFLzq4Tr43xK4tAjQfwX76z3n6mWQL,MET,SOL,2.02511139
503,htx,METvsvVRapdj9cFLzq4Tr43xK4tAjQfwX76z3n6mWQL,MET,met,4.19
505,okx,MEW1gQWJ3nEXg2qgERiKu7FAFj79PHvQVREQUzScPP5,MEW,MEW-Solana,496.8792758
505,bitget,MEW1gQWJ3nEXg2qgERiKu7FAFj79PHvQVREQUzScPP5,MEW,SOL,551.57199
505,htx,MEW1gQWJ3nEXg2qgERiKu7FAFj79PHvQVREQUzScPP5,MEW,mew,1044.1475
507,okx,ED5nyyWEzpPPiWimP8vYm7sD7TD3LAt3Q3gRTWHzPJBY,MOODENG,MOODENG-Solana,16.05269761
507,bitget,ED5nyyWEzpPPiWimP8vYm7sD7TD3LAt3Q3gRTWHzPJBY,MOODENG,SOL,9.082653
507,htx,ED5nyyWEzpPPiWimP8vYm7sD7TD3LAt3Q3gRTWHzPJBY,MOODENG,moodeng,17.1848
510,okx,0xa99b8952d4f7d947ea77fe0ecdcc9e5fc0bcab2841d6e2a5aa00c3044e5544b5::navx::NAVX,NAVX,NAVX-SUI,0.2
510,htx,0xa99b8952d4f7d947ea77fe0ecdcc9e5fc0bcab2841d6e2a5aa00c3044e5544b5::navx::NAVX,NAVX,navx,2.0
511,okx,B89Hd5Juz7JP2dxCZXFJWk4tMTcbw7feDhuWGb3kq5qE,NC,NC-Solana,57.87164183
511,bitget,B89Hd5Juz7JP2dxCZXFJWk4tMTcbw7feDhuWGb3kq5qE,NC,SOL,95.69377991
513,okx,0x812ba41e071c7b7fa4ebcfb62df5f45f6fa853ee,NEIRO,NEIRO-ERC20,3000.0
514,okx,TFczxzPhnThNSqr5by8tvxsdCFRRz6cPNq,NFT,NFT-TRC20,80000.0
514,bitget,TFczxzPhnThNSqr5by8tvxsdCFRRz6cPNq,NFT,TRC20,192680.0
514,htx,TFczxzPhnThNSqr5by8tvxsdCFRRz6cPNq,NFT,nft,1720.0
515,okx,0x1776e1f26f98b1a5df9cd347953a26dd3cb46671,NMR,NMR-ERC20,0.049
518,binance,0xf78d2e7936f5fe18308a3b2951a93b6c4a41f5e2,OM,BSC,0.3
518,okx,0x3593d125a4f7849a1b059e64f4517a86dd60c95d,OM,OM-ERC20,5.41
523,okx,0xff56cc6b1e6ded347aa0b7676c85ab0b3d08b0fa,ORBS,ORBS-ERC20,45.12
523,htx,0xff56cc6b1e6ded347aa0b7676c85ab0b3d08b0fa,ORBS,orbs,305.40841
528,okx,0x7a58c0be72be218b41c608b7fe7c5bb630736c71,PEOPLE,PEOPLE-ERC20,49.75
528,htx,0x7a58c0be72be218b41c608b7fe7c5bb630736c71,PEOPLE,people,336.23385
529,okx,0x6982508145454ce325ddbe47a25d4ec3d2311933,PEPE,PEPE-ERC20,85629.95
530,okx,0xbc396689893d065f41bc2c6ecbee5e0085233447,PERP,PERP-ERC20,2.8
530,htx,0xbc396689893d065f41bc2c6ecbee5e0085233447,PERP,perp,19.643945
531,okx,0x6c5ba91642f10282b576d91922ae6448c9d52f4e,PHA,PHA-ERC20,10.4
533,okx,0x455e53cbb86018ac2b8092fdcd39d8444affc3f6,POL,POL-ERC20,10.0
535,okx,4LLbsb5ReP3yEtYzmXewyGjcir5uXtKFURtaEUVC2AHs,PRCL,PRCL-Solana,24.14157973
535,bitget,4LLbsb5ReP3yEtYzmXewyGjcir5uXtKFURtaEUVC2AHs,PRCL,SOL,24.44987776
535,htx,4LLbsb5ReP3yEtYzmXewyGjcir5uXtKFURtaEUVC2AHs,PRCL,prcl,47.0415
536,okx,0x28d38df637db75533bd3f71426f3410a82041544,PROMPT,PROMPT-ERC20,2.0
537,okx,0x6bef15d938d4e72056ac92ea4bdd0d76b1c4ad29,PROVE,PROVE-ERC20,0.84
538,okx,0xfb5c6815ca3ac72ce9f5006869ae67f18bf77006,PSTAKE,PSTAKE-ERC20,40.44
541,okx,0x12bb890508c125661e03b09ec06e404bc9289040,RACA,RACA-BSC,100.0
541,bitget,0x12bb890508c125661e03b09ec06e404bc9289040,RACA,BEP20,3468.20809249
545,okx,0xd33526068d116ce69f19a9ee46f0bd304f21a51f,RPL,RPL-ERC20,0.05
545,htx,0xd33526068d116ce69f19a9ee46f0bd304f21a51f,RPL,rpl,1.18178
546,okx,0x320623b8e4ff03373931769a31fc52a4e78b5d70,RSR,RSR-ERC20,106.63
546,htx,0x320623b8e4ff03373931769a31fc52a4e78b5d70,RSR,rsr1,761.97293
550,okx,0x5afe3855358e112b5647b952709e6165e1c1eeee,SAFE,SAFE-ERC20,2.47
552,okx,0x3845badade8e6dff049820680d1f14bd3903a5d0,SAND,SAND-ERC20,2.82
554,okx,0x30d20208d987713f46dfd34ef128bb16c404d10f,SD,SD-ERC20,1.37
555,okx,0x95ad61b0a150d79219dcf64e1e6cc01f0b64c4ce,SHIB,SHIB-ERC20,58372.81
555,htx,0x95ad61b0a150d79219dcf64e1e6cc01f0b64c4ce,SHIB,shib,1184166.1
556,okx,0x00c83aecc790e8a4453e5dd3b0b4b3680501a7a7,SKL,SKL-ERC20,31.62
557,okx,0x56072c95faa701256059aa122697b133aded9279,SKY,SKY-ERC20,10.11
558,okx,0xcc8fa225d80b9c7d42f96e9570156c65d6caaa25,SLP,SLP-ERC20,531.63
560,okx,0xc011a73ee8576fb46f5e1c5751ca3b9fe0af2a6f,SNX,SNX-ERC20,0.55
560,htx,0xc011a73ee8576fb46f5e1c5751ca3b9fe0af2a6f,SNX,snx,10.74276
562,okx,SonicxvLud67EceaEzCLRnMTBqzYUUYNr93DBkBdDES,SONIC,SONIC-Solana,12.59642302
562,bitget,SonicxvLud67EceaEzCLRnMTBqzYUUYNr93DBkBdDES,SONIC,SOL,7.79490058
566,okx,0x9d65ff81a3c488d585bbfb0bfe3c7707c7917f54,SSV,SSV-ERC20,0.05
568,okx,0xb64ef51c888972c908cfacf59b47c1afbc0ab8ac,STORJ,STORJ-ERC20,3.48
568,htx,0xb64ef51c888972c908cfacf59b47c1afbc0ab8ac,STORJ,storj,68.902966
569,okx,0x04718f5a0fc34cc1af16a1cdee98ffb20c31f5cd61d6ab07201858f4287c938d,STRK,STRK-Starknet,0.99
569,bitget,0x04718f5a0fc34cc1af16a1cdee98ffb20c31f5cd61d6ab07201858f4287c938d,STRK,Starknet,0.87873463
572,okx,0x6b3595068778dd592e39a122f4f5a5cf09c90fe2,SUSHI,SUSHI-ERC20,1.15
572,htx,0x6b3595068778dd592e39a122f4f5a5cf09c90fe2,SUSHI,sushi,23.026405
573,okx,token.sweat,SWEAT,SWEAT-NEAR,132.0
573,bitget,token.sweat,SWEAT,NEARProtocol,6.56599
573,htx,token.sweat,SWEAT,nearsweat,30.0
574,okx,0x0bb217e40f8a5cb79adf04e1aab60e5abd0dfc1e,SWFTC,SWFTC-ERC20,95.76
574,htx,0x0bb217e40f8a5cb79adf04e1aab60e5abd0dfc1e,SWFTC,swftc,653.23078
575,okx,0xcdf7028ceab81fa0c6971208e83fa7872994bee5,T,T-ERC20,0.35340942
579,okx,0xac1bd2486aaf3b5c0fc3fd868558b082a531b2b4,TOSHI,TOSHI-Base,1000.0
579,bitget,0xac1bd2486aaf3b5c0fc3fd868558b082a531b2b4,TOSHI,BASE,1376.08366589
581,okx,0x88df592f8eb5d7bd38bfef7deb0fbc02cf3778a0,TRB,TRB-ERC20,0.024
583,okx,0xa35923162c49cf95e6bf26623385eb431ad920d3,TURBO,TURBO-ERC20,251.3
585,okx,0x04fa0d235c4abf4bcf4787af4cf447de572ef828,UMA,UMA-ERC20,0.54
586,okx,0x1f9840a85d5af5bf1d1762f925bdaddc4201f984,UNI,UNI-ERC20,0.097
590,okx,6AJcP7wuLwmRYLBNbi825wgguaPsWzPBEHcHndpRpump,VINE,VINE-Solana,31.16142858
590,bitget,6AJcP7wuLwmRYLBNbi825wgguaPsWzPBEHcHndpRpump,VINE,SOL,23.16423443
590,htx,6AJcP7wuLwmRYLBNbi825wgguaPsWzPBEHcHndpRpump,VINE,vine,43.1968
592,okx,0xf411903cbc70a74d22900a5de66a2dda66507255,VRA,VRA-ERC20,911.62
592,htx,0xf411903cbc70a74d22900a5de66a2dda66507255,VRA,vra,5770.0223
594,okx,0x68749665ff8d2d112fa859aa293f07a622782f38,XAUT,XAUT-ERC20,0.00015
601,okx,0x0bc529c00c6401aef6d220be8c6ea1667f6ad93e,YFI,YFI-ERC20,0.00013
601,htx,0x0bc529c00c6401aef6d220be8c6ea1667f6ad93e,YFI,yfi,0.00083849
602,okx,0x25f8087ead173b73d6e8b84329989a8eea16cf73,YGG,YGG-ERC20,4.68
602,htx,0x25f8087ead173b73d6e8b84329989a8eea16cf73,YGG,ygg,30.838924
603,okx,ZBCNpuD7YMXzTHB2fhGkGi78MNsHGLRXUhRewNRm9RU,ZBCN,ZBCN-Solana,170.06201258
603,bitget,ZBCNpuD7YMXzTHB2fhGkGi78MNsHGLRXUhRewNRm9RU,ZBCN,SOL,267.165376
603,htx,ZBCNpuD7YMXzTHB2fhGkGi78MNsHGLRXUhRewNRm9RU,ZBCN,zbcn,520.2198
606,okx,ZEUS1aR7aX8DFFJf5QjWj2ftDDdNTroMNGo8YoQm3Gq,ZEUS,ZEUS-Solana,9.20127186
606,htx,ZEUS1aR7aX8DFFJf5QjWj2ftDDdNTroMNGo8YoQm3Gq,ZEUS,zeus,27.008382
609,okx,0xc71b5f631354be6853efe9c3ab6b9590f8302e81,ZKJ,ZKJ-ERC20,5.0
609,bitget,0xc71b5f631354be6853efe9c3ab6b9590f8302e81,ZKJ,BEP20,2.26380924
612,okx,0xe41d2489571d322189246dafa5ebde1f4699f498,ZRX,ZRX-ERC20,3.1
612,htx,0xe41d2489571d322189246dafa5ebde1f4699f498,ZRX,zrx,21.13959
616,bitget,TXL6rJbvmjD46zeN1JssfgxvSo99qC8MRT,SUNDOG,TRC20,52.9661017
616,htx,TXL6rJbvmjD46zeN1JssfgxvSo99qC8MRT,SUNDOG,sundog,26.2054
617,bitget,DBRiDgJAMsM95moTzJs7M9LnkGErpbv9v6CUR1DXnUu5,DBR,SOL,27.159153
617,htx,DBRiDgJAMsM95moTzJs7M9LnkGErpbv9v6CUR1DXnUu5,DBR,dbr,57.8953
619,bitget,0x420fca0121dc28039145009570975747295f2329,COQ,AVAXC-Chain,3105590.06212
628,bitget,5z3EqYQo9HiCEs3R84RCDMu2n7anpDMxRhdK8PSWmrRC,PONKE,SOL,16.15508886
628,htx,5z3EqYQo9HiCEs3R84RCDMu2n7anpDMxRhdK8PSWmrRC,PONKE,ponke,31.7801
630,bitget,SarosY6Vscao718M4A778z4CGtvcwcGef5M9MEH1LGL,SAROS,SOL,13.77220769
630,htx,SarosY6Vscao718M4A778z4CGtvcwcGef5M9MEH1LGL,SAROS,saros,23.7474
632,bitget,WENWENvqqNya429ubCdR81ZmD69brwQaaBYY6p3LCpk,WEN,SOL,37037.03703704
632,htx,WENWENvqqNya429ubCdR81ZmD69brwQaaBYY6p3LCpk,WEN,wen,68048.257
640,bitget,0xc07e1300dc138601fa6b0b59f8d0fa477e690589,Q,BEP20,5.93727859
648,bitget,0xa1faa113cbe53436df28ff0aee54275c13b40975,ALPHA,BEP20,15.88983051
649,bitget,SW1TCHLmRGTfW5xZknqQdpdarB8PD95sJYWpNp9TbFx,SWTCH,SOL,10.27221367
649,htx,SW1TCHLmRGTfW5xZknqQdpdarB8PD95sJYWpNp9TbFx,SWTCH,swtch,19.1572
650,bitget,0x4dec3139f4a6c638e26452d32181fe87a7530805,ART,BASE,262.32948584
654,bitget,eosio.token,TLOS,Telos,2.5
654,htx,0xd13c7342e1ef687c5ad21b27c2b65d772cab5c8c,UOS,uos,186.3744
658,bitget,0x3ecb529752dec6c6ab08fd83e425497874e21d49,PINGPONG,BEP20,2.74805804
661,bitget,PRTLSwfLzpVGSAQiUfXEenJkq1cwTsEcsn1hPL9zwwg,PORTALS,SOL,40.95004096
662,bitget,0x1aecab957bad4c6e36dd29c3d3bb470c4c29768a,BSU,BEP20,4.62556085
668,bitget,0x477c2c0459004e3354ba427fa285d7c053203c0e,LIGHT,BEP20,0.077102
671,bitget,0x2a8227993a4e38537a57caefe5e7e9a51327bf6cd732c1f56648f26f68304ebc,KGEN,Aptos,0.11797554
672,bitget,0x810df4c7daf4ee06ae7c621d0680e73a505c9a06,P,BEP20,1.29198967
673,bitget,0xe0969ec84456b7e4d3dd2181fb5265edbb63f7bd,FLK,BASE,0.57045066
674,bitget,0x7ec43cf65f1663f820427c62a5780b8f2e25593a,LAB,BEP20,1.11399926
675,bitget,0x1f16e03c1a5908818f47f6ee7bb16690b40d0671,RECALL,BASE,2.98151461
676,bitget,0x4c87da04887a1f9f21f777e3a8dd55c3c9f84701,COMMON,BASE,87.33624455
677,bitget,0x80563fc2dd549bf36f82d3bf3b970bb5b08dbddb,RVV,BEP20,17.54303893
679,bitget,0xc08cd26474722ce93f4d0c34d16201461c10aa8c,CARV,BASE,0.64977258
679,htx,0xc08cd26474722ce93f4d0c34d16201461c10aa8c,CARV,basecarv,3.5
680,bitget,Grass7B4RdKfBCjTKgSqnXkqjwiGvQyFbuSCUJr3XXjs,GRASS,SOL,2.80504909
680,htx,Grass7B4RdKfBCjTKgSqnXkqjwiGvQyFbuSCUJr3XXjs,GRASS,grass,5.123
682,bitget,EQB4zZusHsbU2vVTPqjhlokIOoiZhEdCMT703CWEzhTOo__X,X,TON,15634.77173234
684,bitget,0xfd418e42783382e86ae91e445406600ba144d162,ZRC,ZRC,219.61932651
685,bitget,9PR7nCP9DpcUotnDPVLUBUZKu5WAYkwrCUx9wDnSpump,BAN,SOL,14.19244962
685,htx,9PR7nCP9DpcUotnDPVLUBUZKu5WAYkwrCUx9wDnSpump,BAN,ban,27.3633
688,bitget,9BB6NFEcjBCtnNLFko2FqVQBq8HHM13kCyYcdQbgpump,FARTCOIN,SOL,2.76548673
688,htx,9BB6NFEcjBCtnNLFko2FqVQBq8HHM13kCyYcdQbgpump,FARTCOIN,fartcoin,5.2403
689,bitget,Df6yfrKC8kZE3KNkrHERKzAetSxbrWeniQfyJY4Jpump,CHILLGUY,SOL,37.36920778
689,htx,Df6yfrKC8kZE3KNkrHERKzAetSxbrWeniQfyJY4Jpump,CHILLGUY,sochillguy,71.8915
690,bitget,0x1bc0c42215582d5a085795f4badbac3ff36d1bcb,CLANKER,BASE,0.00776097
693,bitget,HYPE:0x0d01dc56dcaaca66ad901c959b4011ec,HYPE,HYPE,0.04136505
695,bitget,0x24fcfc492c1393274b6bcd568ac9e225bec93584,MAVIA,BASE,0.88230105
696,bitget,TUPM7K8REVzD2UdV4R5fe5M8XbnR2DdoJ6,HTX,TRC20,540540.54055
696,htx,TUPM7K8REVzD2UdV4R5fe5M8XbnR2DdoJ6,HTX,htx,268234.08
700,bitget,0xd5eaaac47bd1993d661bc087e15dfb079a7f3c19,KOMA,BEP20,8.46501129
708,bitget,0x532f27101965dd16442e59d40670faf5ebb142e4,BRETT,BASE,3.5248502
712,bitget,9999FVbjHioTcoJpoBiSjpxHW6xEn3witVuXKqBh2RFQ,SLERF,SOL,81.30081301
712,htx,9999FVbjHioTcoJpoBiSjpxHW6xEn3witVuXKqBh2RFQ,SLERF,solslerf,160.0752
715,bitget,0x8bec47865ade3b172a928df8f990bc7f2a3b9f79,AURORA,AURORA,42.04625088
717,bitget,hntyVP6YFm1Hg25TN9WGLqM12b8TQmcknKrdu1oxWux,HNT,SOL,0.42881647
726,bitget,KENJSUYLASHUMfHyy5o4Hp2FdNqZg1AsUPhfH2kYvEP,GRIFFAIN,SOL,51.54639176
726,htx,KENJSUYLASHUMfHyy5o4Hp2FdNqZg1AsUPhfH2kYvEP,GRIFFAIN,griffain,97.9522
727,bitget,61V8vBaqAGMpgDQi4JcAwo1dmBGHsyhzodcPqnEVpump,ARC,SOL,78.125
727,htx,61V8vBaqAGMpgDQi4JcAwo1dmBGHsyhzodcPqnEVpump,ARC,arc,142.7915
730,bitget,0x5ab3d4c385b400f3abb49e80de2faf6a88a7b691,FLOCK,BASE,4.48430494
731,bitget,HeLp6NuQkmYB4pYWo2zYs22mESHXPQYzXbB8n4V98jwC,AI16Z,SOL,16.01281025
731,htx,HeLp6NuQkmYB4pYWo2zYs22mESHXPQYzXbB8n4V98jwC,AI16Z,ai16z,30.1069
732,bitget,74SBV4zDXxTRgv1pEMoECskKBkZHc2yGPnc7GYVepump,SWARMS,SOL,69.58942241
732,htx,74SBV4zDXxTRgv1pEMoECskKBkZHc2yGPnc7GYVepump,SWARMS,swarms,126.6098
733,bitget,8x5VqbHA8D7NkD52uNuS5nnt3PwA8pLD34ymskeSo2Wn,ZEREBRO,SOL,30.15681545
733,htx,8x5VqbHA8D7NkD52uNuS5nnt3PwA8pLD34ymskeSo2Wn,ZEREBRO,zerebro,59.273
734,bitget,DKu9kykSfbN5LBfFXtNNDPaX35o4Fv6vJ9FKk7pZpump,AVAAI,SOL,74.07407408
734,htx,DKu9kykSfbN5LBfFXtNNDPaX35o4Fv6vJ9FKk7pZpump,AVAAI,avaai,139.1982
735,bitget,0x103071da56e7cd95b415320760d6a0ddc4da1ca5,XTER,BEP20,2.39120039
739,bitget,FUAfBo2jgks6gB4Z4LfZkqSZgzNucisEHqnNebaRxM1P,MELANIA,SOL,7.518797
739,htx,FUAfBo2jgks6gB4Z4LfZkqSZgzNucisEHqnNebaRxM1P,MELANIA,melania,16.0143
741,bitget,FeR8VBqNRSUD5NtXAj2n3j1dAHkZHfyDktKuLXD4pump,JELLYJELLY,SOL,7.56143668
747,bitget,0x940181a94a35a4569e4529a3cdfb74e38fd98631,AERO,BASE,0.09537
748,bitget,RoamA1USA8xjvpTJZ6RvvxyDRzNh6GCA1zVGKSiMVkn,ROAM,SOL,12.28501229
753,bitget,0x5c46bff4b38dc1eae09c5bac65872a1d8bc87378,MERL,MERLIN,10.18568
755,bitget,0x2d060ef4d6bf7f9e5edde373ab735513c0e4f944,AITECH,BEP20,6.60211268
756,bitget,0x7ddc52c4de30e94be3a6a0a2b259b2850f421989,GOMINING,BEP20,0.36665852
756,htx,0x7ddc52c4de30e94be3a6a0a2b259b2850f421989,GOMINING,gomining,9.8858776
768,bitget,0xff7d6a96ae471bbcd7713af9cb1feeb16cf56b41,BR,BEP20,2.04918033
769,bitget,0x997a58129890bbda032231a52ed1ddc845fc18e1,SIREN,BEP20,0.15
772,bitget,0x503fa24b7972677f00c4618e5fbe237780c1df53,KILO,BEP20,7.25303419
776,bitget,C3DwDjT17gDvvCYC2nsdGHxDHVmQRdhKfpAdqQ29pump,RFC,SOL,413.90728477
778,bitget,0x3dc8e2d80b6215a1bccae4d38715c3520581e77c,EPT,BEP20,38.32396526
781,bitget,0x1111111111166b7fe7bd91427724b487980afc69,ZORA,BASE,12.80327764
782,bitget,0x783c3f003f172c6ac5ac700218a357d2d66ee2a2,B2,BEP20,0.13562633
783,bitget,DitHyRMQiSDhn5cnKMJV2CDDt6sVct96YrECiM49pump,HOUSE,SOL,180.50541517
783,htx,DitHyRMQiSDhn5cnKMJV2CDDt6sVct96YrECiM49pump,HOUSE,house,324.7597
786,bitget,38PgzpJYu2HkiYvV8qePFakB8tuobPdGm2FFEn7Dpump,GORK,SOL,568.82821388
786,htx,38PgzpJYu2HkiYvV8qePFakB8tuobPdGm2FFEn7Dpump,GORK,gork,824.5749
788,bitget,0x899357e54c2c4b014ea50a9a7bf140ba6df2ec73,PRAI,BEP20,8.79765396
790,bitget,0xb9e1fd5a02d3a33b25a14d661414e6ed6954a721,SOON,BEP20,0.19450208
790,htx,4eDf52YYzL6i6gbZ6FXqrLUPXbtP61f1gPSFM66M4XHe,SOON,soon,2.6443
795,bitget,0x61dbbbb552dc893ab3aad09f289f811e67cef285,SKATE,ArbitrumOne,5.56947926
799,bitget,DriFtupJYLTosbwoN8koMbEYSx54aFAVLddWsbksjwg7,DRIFT,SOL,2.450981
799,htx,DriFtupJYLTosbwoN8koMbEYSx54aFAVLddWsbksjwg7,DRIFT,drift,4.7311
803,bitget,0xc967dabf591b1f4b86cfc74996ead065867af19e,ZKL,ZKLINK,123.15270936
804,bitget,0xa9d23408b9ba935c230493c40c73824df71a0975,TAIKO,TAIKO,0.3990423
809,bitget,0x0e7779e698052f8fe56c415c3818fcf89de9ac6d,ULTI,BEP20,142.31499052
812,bitget,0x311434160d7537be358930def317afb606c0d737,NAKA,Polygon,5.57104
815,bitget,0xb1a5700fa2358173fe465e6ea4ff52e36e88e2ad,BLAST,Blast,72.3065799
817,bitget,HhJpBhRRn4g56VsyLuT8DL5Bv31HkXqsrahTTUCZeZg4,MYRO,SOL,56.40157925
817,htx,HhJpBhRRn4g56VsyLuT8DL5Bv31HkXqsrahTTUCZeZg4,MYRO,myro,104.3816
824,bitget,0x7324c7c0d95cebc73eea7e85cbaac0dbdf88a05b,XCN,BEP20,17.37116387
832,bitget,0xfe723495f73714426493384eb5e49aa5b827e1d5,MORE,BEP20,13.8121547
835,bitget,0x0c78d4605c2972e5f989de9019de1fb00c5d3462,CESS,BEP20,40.10695188
836,bitget,0x44a83a012b926853dfc1bbe2ec5bef37126067e8,MAT,Matchain,2.75035067
837,bitget,EQCAj5oiRRrXokYsg_B-e0KG9xMwh5upr5I8HQzErm0_BLUM,BLUM,TON,14.20858199
837,htx,EQCAj5oiRRrXokYsg_B-e0KG9xMwh5upr5I8HQzErm0_BLUM,BLUM,blum,7.5
838,bitget,0x9558a9254890b2a8b057a789f413631b9084f4a3,AIN,BEP20,1.15640805
839,bitget,0xe0cd4cacddcbf4f36e845407ce53e87717b6601d,ICNT,BASE,0.53879311
840,bitget,0x6bf62ca91e397b5a7d1d6bce97d9092065d7a510,CROSS,BEP20,1.1471398
841,bitget,FRAGMEWj2z65qM62zqKhNtwNFskdfKs4ekDUDX3b4VD5,FRAG,SOL,79.2393027
841,htx,FRAGMEWj2z65qM62zqKhNtwNFskdfKs4ekDUDX3b4VD5,FRAG,frag,151.3984
843,bitget,0x077574441c4f8763a37a2cfee2ecb444aa60a15e,RCADE,ArbitrumOne,787.40157481
845,bitget,0xce7c3b5e058c196a0eaaa21f8e4bf8c2c07c2935,BOOM,BEP20,5.54323726
846,bitget,0x8b194370825e37b33373e74a41009161808c1488,VELVET,BEP20,0.76231133
847,bitget,CN162nCPpq3DxPCyKLbAvEJeB1aCxsnVTEG4ZU8vpump,A47,SOL,53.873506
849,bitget,GnBAskb2SQjrLgpTjtgatz4hEugUsYV7XrWU1idV3oqW,ES,Eclipse,2.770084
851,bitget,0xf4b385849f2e817e92bffbfb9aeb48f950ff4444,EGL1,BEP20,4.6875
852,bitget,0xa8d3dee6671c4fdac4743a1eb1f276eabd4ba302,ZKWASM,BEP20,2.69929819
860,bitget,0xa6c6ea2e0140849be02a3a34780cf61b766916c5,UNITE,BASE,3269.04217065
861,bitget,0x19ed254efa5e061d28d84650891a3db2a9940c16,SUP,BEP20,1.62884136
862,bitget,0x81a7da4074b8e0ed51bea40f9dcbdf4d9d4832b4,AIO,BEP20,0.9229463
863,bitget,0x5845684b49aef79a5c0f887f50401c247dca7ac6,CYC,BEP20,5.72759556
865,bitget,token.publicailab.near,PUBLIC,NEARProtocol,0.35637919
866,bitget,0x1e3dbc0aad9671fdd31e58b2fcc6cf1ca9947994,WAI,BEP20,2.48632522
871,bitget,DrZ26cKJDksVRWib3DVVsjo9eeXccc7hKhDJviiYEEZY,YZY,SOL,2.617802
872,bitget,0xc729777d0470f30612b1564fd96e8dd26f5814e3,SAPIEN,BASE,0.634035
873,bitget,0x5d3a12c42e5372b2cc3264ab3cdcf660a1555238,ARIA,BEP20,0.85655551
878,htx,0xaea46a60368a7bd060eec7df8cba43b7ef41ad85,FET,fet,15.469268
880,htx,0x8290333cef9e6d528dd5618fb97a76f268f3edd4,ANKR,ankr,397.44047
884,htx,TT_tt,TT,tt,10.0
886,htx,0x8a2279d4a90b6fe1c4b30fa660cc9f926797baa2,CHR,chr1,54.029053
889,htx,XTZ_xtz,XTZ,xtz,0.1
891,htx,ALGO_algo,ALGO,algo,0.01
892,htx,ADA_ada,ADA,ada,1.0
895,htx,0xba50933c268f567bdc86e1ac131be072c6b0b71a,ARPA,arpa,214.5959
908,htx,0xf293d23bf2cdc05411ca0eddd588eb1977e8dcd4,SYLO,sylo,45030.355
910,htx,DOT_dot,DOT,dot,0.1
913,htx,0x0763fdccf1ae541a5961815c0872a8c5bc6de4d7,SUKU,suku,332.1829
915,htx,0x84ca8bc7997272c7cfb4d0cd3d55cd942b3c9419,DIA,dia,6.7819012
918,htx,GDM4RQUQQUVSKQA7S6EM7XBZP3FCGH4Q7CL6TABQ7B2BEJ5ERARM2M5M,VELO,xlmvelo1,0.5
919,htx,FIL_fil,FIL,fil,0.001
926,htx,0x2260fac5e5542a773aa44fbcfedf7c193bc2c599,BTC,wbtc,0.0001
933,htx,TVj7RNVHy6thbM7BWdSe9G6gXwKhjhdNZS,KLV,klv,216.5276
936,htx,DOGE_doge,DOGE,doge,5.0
939,htx,AVAX_avax,AVAX,avax,0.06
947,htx,0x43dfc4159d86f3a37a5a4b3d4580b888ad7d4ddd,DODO,dodo,124.4082
948,htx,0x0fd10b9899882a6f2fcb5c371e17e70fdee00c38,PUNDIX,pundix,37.159991
951,htx,0x77fba179c79de5b7653f68b5039af940ada60ce0,FORTH,forth,1.7438065
955,htx,XDC_xdc,XDC,xdc,0.01
959,htx,ICP_icp,ICP,icp,0.0003
960,htx,CELO_celo,CELO,celo,0.002
961,htx,0x8207c1ffc5b6804f6024322ccf34f29c3541ae26,OGN,ogn,255.06142
979,htx,0xc52c326331e9ce41f04484d3b5e5648158028804,ZCX,zcx1,316.16812
985,htx,NEAR_near,NEAR,near,0.01
990,htx,SOL_sol,SOL,sol,0.01
991,htx,XCH_xch,XCH,xch,0.0005
993,htx,MOVR_movr,MOVR,movr,0.01
995,htx,0x4575f41308ec1483f3d399aa9a2826d74da13deb,OXT,oxt,101.38713
1001,htx,0x607f4c5bb672230e8672085532f7e901544a7375,RLC,rlc,4.6512216
1002,htx,HBAR_hbar,HBAR,hbar,1.0
1003,htx,XPRT_xprt,XPRT,xprt,0.1
1004,htx,EGLD_egld,EGLD,egld,0.002
1008,htx,0x5cf04716ba20127f1e2297addcf4b5035000c9eb,NKN,nkn,210.7963
1017,htx,0x50d1c9771902476076ecfc8b2a83ad6b9355a4c9,FTT,ftt,4.7740268
1025,htx,0xf418588522d5dd018b425e472991e52ebbeeeeee,PUSH,push,147.44172
1031,htx,AR_ar,AR,ar,0.025
1043,htx,0x2da719db753dfa10a62e140f436e1d67f2ddb0d6,CERE,cere,5371.9685
1046,htx,0x18aaa7115705e8be94bffebde57af9bfc265b998,AUDIO,audio,99.919296
1056,htx,3bRTivrVsitbmCTGtqwp7hxXPsybkjn4XLNtPsHqa3zR,LIKE,like,326.9545
1058,htx,0x7d5121505149065b562c789a0145ed750e6e8cdd,VR,vr,838.03892
1065,htx,KAIA_klay,KAIA,klay,0.03
1075,htx,GLMR_glmr,GLMR,glmr,0.5
1077,htx,ASTR_astr,ASTR,astr,4.0
1079,htx,0xff20817765cb7f73d4bde2e66e067e58d11095c2,AMP,amp,1529.6067
1082,htx,0x9e32b13ce7f2e80a01932b42553652e053d6ed8e,METIS,metis,0.40813519
1083,htx,0xaf5191b0de278c7286d6c7cc6ab6bb8a73ba2cd6,STG,stg,24.573371
1090,htx,0xb4a3b0faf0ab53df58001804dda5bfc6a3d59008,SPA,spa2,526.1033
1095,htx,BRISE_brise,BRISE,brise,400000.0
1099,htx,0x965f527d9159dce6288a2219db51fc6eef120dd1,BSW,bsw,86.094123
1100,htx,0x42bbfa2e77757c645eeaad1655e0911a7553efbc,BOBA,boba,61.737938
1103,htx,0x940a2db1b7008b6c776d4faaca729d6d4a4aa551,DUSK,dusk,88.641074
1105,htx,TXDk8mbtRbXeYuMNS83CfKPaYYT8XWv9Hz,USDD,trc20usdd,0.5
1113,htx,0x8e870d67f660d95d5be530380d0ec0bd388289e1,USDP,pax,4.025122
1114,htx,0x511ab53f793683763e5a8829738301368a2411e3,WELL,well,4.0
1115,htx,CSPR_cspr,CSPR,cspr,5.0
1120,htx,RVN_rvn,RVN,rvn,1.0
1122,htx,METAewgxyPbgwsseH8T16a39CQ5VyVxZi9zXiDPY18m,MPLX,mplx,8.7648
1123,htx,ETHW_ethw,ETHW,ethw,0.002
1127,htx,0xd9fcd98c322942075a5c3860693e9f4f03aae07b,EUL,eul,0.46270565
1128,htx,TON_ton,TON,ton,0.01
1130,htx,0xb3999f658c0391d94a37f7ff328f3fec942bcadc,HFT,hft,81.571886
1133,htx,OAS_oas,OAS,oas,0.001
1141,htx,5MAYDfq5yxtudAhtfyuMBuHZjgAbaS9tbEyEQYAhDS5y,ACS,acs,3295.5906
1142,htx,0x04756126f044634c9a0f0e985e60c88a51acc206,CSIX,csix,311.89521
1147,htx,MINA_mina,MINA,mina,3.0
1167,htx,SUI_sui,SUI,sui,0.03
1192,htx,0x6c3ea9036406852006290770bedfcaba0e23a0e8,PYUSD,pyusd,4.022468
1199,htx,TIA_tia,TIA,tia,0.1
1207,htx,rats,RATS,rats,885678.21
1222,htx,MNDEFzGvMt87ueuHvVU9VcTqsAP5b3fTGPsHuuPA5ey,MNDE,mnde,17.7381
1235,htx,ZETA_zeta,ZETA,zeta,0.01
1249,htx,0x7016aae72cfc67f2fadf55769c0a7dd54291a583b63051a5ed71081cce836ac6::sca::SCA,SCA,sca,0.45
1263,htx,0x944824290cc12f31ae18ef51216a223ba4063092,MASA,erc20masa,722.19713
1265,htx,MAPO_mapo,MAPO,mapo,17.0
1273,htx,25hAyBQfoDhfWx9ay6rarbgvWGwDdNqcHsXS3jQ3mTDJ,MANEKI,maneki,2157.7784
1276,htx,BB_bb,BB,bb,0.01
1287,htx,SLF_slf,SLF,slf,0.003
1298,htx,AVAIL_avail,AVAIL,avail,0.13
1303,htx,7GCihgDB8fe6KNjn2MYtkzZcRjQy3t9GHdC8uHYmW2hr,POPCAT,popcat,12.9776
1315,htx,0x8993129d72e733985f7f1a00396cbd055bad6f817fee36576ce483c8bbb8b87b::sudeng::SUDENG,HIPPO,hippo,5.0
1333,htx,5mbK36SZ7J19An8jFochhQS4of8g6BwUjbeCSxBSoWdp,MICHI,michi,172.4079
1337,htx,GJtJuWD9qYcCkrwMBmtY1tpapV1sKfB2zUv9Q4aqpump,RIF,rif,2139.1663
1363,htx,0xe1b45a0e641b9955a20aa0ad1c1f4ad86aad8afb07296d4085e349a50e90bdca::blue::BLUE,BLUE,blue1,0.61
1377,htx,FB_fb,FB,fb,0.0001
1392,htx,RONIN_ronin,RONIN,ronin,0.001
1397,htx,S_sonic,S,sonic,0.001
1406,htx,BERA_bera,BERA,bera,0.00084
1408,htx,9DHe3pycTuymFk4H4bbPoAJ4hQrr2kaLDF6J6aAKpump,BUZZ,buzz,502.8005
1409,htx,GekTNfm84QfyP2GdAHZ5AgACBRd69aNmgA5FDhZupump,GRIFT,grift,1649.1198
1430,htx,NIL_nil,NIL,nil,0.01
1438,htx,8BtoThi2ZoXnF7QQK1Wjmh2JuBw9FjVvhnGMVZ2vpump,DARK,dark,258.918
1456,htx,0x226bb599a12c826476e3a771454697ea52e9e220,PROPY,pro,6.610738
1468,htx,0x4c981f3ff786cdb9e514da897ab8a953647dae2ace9679e8358eec1e3e8871ac::dmc::DMC,DELOREAN,delorean,6.5
1476,htx,0x699ccf919c1dfdfa4c374292f42cadc9899bf753,VSN,vsn,35.479258
1527,htx,0xf0db65d17e30a966c2ae6a21f6bba71cea6e9754,BARD,bard,6.2329138
1528,htx,0G_0g,0G,0g,0.001
1558,htx,0xd85c31854c2b0fb40aaa9e2fc4da23c21f829d46,PING,ping,191.4902
1564,htx,VSYS_vsys,VSYS,vsys,1.0
1572,htx,DCR_dcr,DCR,dcr,0.01
1574,htx,DGB_dgb,DGB,dgb,0.2
1578,htx,ETC_etc,ETC,etc,0.01
1581,htx,IOTX_iotx,IOTX,iotx,0.1
1584,htx,LTC_ltc,LTC,ltc,0.001
1586,htx,0xd26114cd6ee289accf82350c8d8487fedb8a0c07,OMG,omg,95.090089
1588,htx,QTUM_qtum,QTUM,qtum,0.01
1589,htx,0x8f8221afbb33998d8584a2b05749ba73c37a938a,REQ,req,99.439298
1593,htx,0xaa7a9ca87d3694b5755f213b5d04094b8d0f0a6f,TRAC,trac,5.5516716
1595,htx,VET_vet,VET,vet,20.0
1596,htx,WAN_wan,WAN,wan,0.1
1598,htx,XRP_xrp,XRP,xrp,0.25
1599,htx,0x55296f69f40ea6d20e478533c15a6b08b654e758,XYO,xyo,539.33199
