# Exchange:,bitget
# Total coins:,493

iterator,coin_name
0,SCR
2,WLD
5,BCH
6,AI
7,JST
9,SEI
10,BB
11,A
12,C
13,JTO
14,D
15,FLM
16,F
18,S
19,W
20,SFP
23,JUP
24,BEL
25,JUV
26,WOO
27,BABYDOGE
30,FLOKI
32,AVNT
34,TUSD
35,COOKIE
36,MUBARAK
39,BIO
41,FLOW
42,SLP
44,NXPC
45,ID
46,IO
48,DOT
53,ATOM
54,QUICK
55,PENDLE
56,MBL
60,BMT
61,ROSE
62,SOL
66,CGPT
69,CELO
71,LAYER
72,MANTA
76,SPK
77,ME
81,TRUMP
83,FLUX
84,OG
86,ETHW
88,OP
89,ARPA
90,STG
91,SHIB
93,KDA
94,STO
97,MBOX
98,IOST
101,CAKE
102,SUN
103,ZBT
104,BTC
106,AIXBT
109,RENDER
110,ONG
112,ALGO
114,ONT
117,HYPER
119,DODO
120,ICP
123,ICX
124,KMNO
125,XAI
126,ZEN
128,DOGE
130,HBAR
132,DOGS
134,LINEA
136,SHELL
137,C98
140,SYS
141,GAS
142,BOME
146,BONK
148,NEWT
149,HMSTR
152,ZIL
154,ZK
157,HUMA
158,PROM
159,CATI
160,PORTO
162,DOLO
164,TAO
165,MORPHO
166,MTL
167,VET
168,USDT
173,USD1
174,USDE
176,USDC
183,ANIME
185,MOVE
186,MOVR
188,RAY
190,ZRO
192,VELODROME
193,SANTOS
194,GMT
195,GMX
196,GNS
198,THE
199,CFX
202,ACE
203,ACH
204,MINA
205,ACM
206,VTHO
208,ACT
211,VIRTUAL
212,BROCCOLI
213,GPS
217,XRP
219,FIDA
221,ENJ
222,SOLV
223,TOWNS
228,TLM
229,CKB
231,SOMI
232,XTZ
233,FORM
235,HOLO
236,RIF
237,MIRA
238,HOME
239,HOOK
244,LAZIO
245,CHESS
246,TON
247,INIT
250,ASTER
252,PNUT
253,VOXEL
255,PHB
256,SAHARA
260,ETH
261,ETC
262,NEO
263,HIGH
264,ALT
267,NFP
268,TRX
269,SIGN
272,ORCA
275,BERA
276,TSTBSC
277,VANA
280,MAGIC
281,ALICE
283,TUT
287,0G
288,PYTH
290,BAND
293,TWT
294,PARTI
295,ARB
296,ARK
299,PUMP
301,BTT
302,ASR
305,2Z
307,OPEN
308,ATM
309,TNSR
311,RVN
313,PSG
314,AVA
317,NOT
322,AWE
325,PIXEL
326,AXL
328,AXS
330,WCT
332,HAEDAL
335,PENGU
336,BANANAS31
338,ALPINE
341,LISTA
343,HIVE
344,KAITO
346,RDNT
348,FET
353,SAGA
354,JOE
356,WIF
358,LTC
360,WIN
361,DYDX
364,QTUM
365,CYBER
366,FIL
369,BAR
371,CHEEMS
430,DAI
432,DegenReborn
436,DOOD
439,DUCK
460,GALFAN
464,GOAT
468,ICE
478,J
496,MAJOR
503,MET
505,MEW
507,MOODENG
511,NC
514,NFT
535,PRCL
539,PYUSD
541,RACA
562,SONIC
569,STRK
573,SWEAT
579,TOSHI
590,VINE
603,ZBCN
609,ZKJ
613,U2U
614,SWELL
615,WHY
616,SUNDOG
617,DBR
618,XION
619,COQ
620,PEAQ
621,SNEK
622,OORT
623,PROPS
624,ORAI
625,SOLO
626,CORE
627,RON
628,PONKE
629,FON
630,SAROS
631,ZETA
632,WEN
633,VELO
634,STX
635,ASTR
636,GFAL
637,FIO
638,EGLD
639,NEAR
640,Q
641,AR
642,KSM
643,MITO
644,XPL
645,GATA
646,ACA
647,METIS
648,ALPHA
649,SWTCH
650,ART
651,BOOST
652,TRADOOR
653,KAIA
654,XPR
655,WEMIX
656,FROGGIE
657,OSMO
658,PINGPONG
659,LUNA
660,AIA
661,PORTALS
662,BSU
663,BLESS
664,RIVER
665,WAVES
666,POKT
667,COAI
668,LIGHT
669,CGN
670,VFY
671,KGEN
672,P
673,FLK
674,LAB
675,RECALL
676,COMMON
677,RVV
678,LIVE
679,CARV
680,GRASS
681,BGSOL
682,X
683,DEEP
684,ZRC
685,BAN
686,NS
687,HIPPO
688,FARTCOIN
689,CHILLGUY
690,CLANKER
691,BGSC
692,NAVX
693,HYPE
694,DYM
695,MAVIA
696,HTX
697,NESS
698,ML
699,ALCH
700,KOMA
701,MAPO
702,AIDOGE
703,KAS
704,CREO
705,KLV
706,SCA
707,PCI
708,BRETT
709,SUI
710,KUB
711,ORDI
712,SLERF
713,XDC
714,RUNE
715,AURORA
716,VT
717,HNT
718,SXP
719,LUNC
720,USTC
721,BSV
722,TOMA
723,FUEL
724,CHZ
725,BNB
726,GRIFFAIN
727,ARC
728,VERT
729,BLUE
730,FLOCK
731,AI16Z
732,SWARMS
733,ZEREBRO
734,AVAAI
735,XTER
736,PIPPIN
737,ANLOG
738,PLUME
739,MELANIA
740,IP
741,JELLYJELLY
742,AB
743,PI
744,ALE
745,IAG
746,OM
747,AERO
748,ROAM
749,MAS
750,AZIT
751,MOEW
752,ALPH
753,MERL
754,AVAIL
755,AITECH
756,GOMINING
757,MCADE
758,CSPR
759,LAT
760,CBK
761,GLMR
762,IOTX
763,REI
764,ARG
765,INTER
766,AFC
767,ONE
768,BR
769,SIREN
770,WAL
771,NIL
772,KILO
773,BABY
774,BAI
775,GUN
776,RFC
777,FHE
778,EPT
779,BANK
780,MILK
781,ZORA
782,B2
783,HOUSE
784,RDAC
785,MYX
786,GORK
787,B
788,PRAI
789,SKYAI
790,SOON
791,RWA
792,RLUSD
793,SOPH
794,LABUBU
795,SKATE
796,CUDIS
797,TAG
798,IDOL
799,DRIFT
800,DOG
801,STRAX
802,NTRN
803,ZKL
804,TAIKO
805,WUSD
806,POLYX
807,POL
808,TIA
809,ULTI
810,NEXA
811,SATS
812,NAKA
813,RATS
814,VIC
815,BLAST
816,HOLD
817,MYRO
818,QUBIC
819,CETUS
820,SWCH
821,INJ
822,MBX
823,APT
824,XCN
825,KAVA
826,OAS
827,ADA
828,BGB
829,XLM
830,THETA
831,AVAX
832,MORE
833,MGO
834,DMC
835,CESS
836,MAT
837,BLUM
838,AIN
839,ICNT
840,CROSS
841,FRAG
842,M
843,RCADE
844,TAC
845,BOOM
846,VELVET
847,A47
848,ESPORTS
849,ES
850,NERO
851,EGL1
852,ZKWASM
853,PHY
854,COA
855,FAIR3
856,CRO
857,XEM
858,IKA
859,RHEA
860,UNITE
861,SUP
862,AIO
863,CYC
864,K
865,PUBLIC
866,WAI
867,XCX
868,TCOM
869,CAMP
870,TOWN
871,YZY
872,SAPIEN
873,ARIA
874,NMT
875,DTEC
876,G
877,MAX
