# Exchange:,htx
# Total coins:,661

iterator,coin_name
0,SCR
7,JST
11,A
13,JTO
19,W
23,JUP
26,WOO
27,BABYDOGE
30,FLOKI
34,TUSD
46,IO
49,1INCH
54,QUICK
56,MBL
60,BMT
71,LAYER
73,CETUS
77,ME
81,TRUMP
88,OP
97,MBOX
101,CAKE
102,SUN
109,RENDER
118,WLFI
133,CTSI
137,C98
142,BOME
146,BONK
154,ZK
158,PROM
166,MTL
168,USDT
173,USD1
176,USDC
179,SATS
181,SUPER
188,RAY
194,GMT
208,ACTSOL
225,GRT
235,HOLOWORLD
252,PNUT
253,VOXEL
260,ETH
265,ORDI
272,ORCA
281,ALICE
288,PYTH
299,PUMP
301,BTT
307,OPEN
309,TNSR
332,HAEDAL
335,PENGU
340,DEXE
347,PYR
354,JOE
356,WIF
360,WIN
378,ACH
381,AEVO
382,AGLD
383,AIXBT
389,ARG
390,ARKM
392,ASTER
394,ATH
396,AUCTION
398,AXS
400,BAL
404,BAT
408,BIGTIME
410,BLUR
412,BNT
413,CAT
420,CLV
421,COMP
424,CRV
426,CTC
427,CVC
428,CVX
429,CXT
430,DAI
433,DEP
442,EIGEN
444,ELON
445,ENA
457,FXS
458,G
461,GEARBOX
463,GLM
464,GOAT
465,GODS
471,ID
473,IMX
482,KAITO
486,LDO
488,LINK
490,LPT
491,LQTY
497,MANA
498,MASK
499,MEME
500,MEMEFI
502,MERL
503,MET
505,MEW
507,MOODENG
508,MORPHO
509,MOVE
510,NAVX
514,NFT
516,OKB
520,ONDO
523,ORBS
525,PARTI
527,PENDLE
528,PEOPLE
530,PERP
535,PRCL
542,RESOLV
545,RPL
546,RSR
547,RSS3
551,SAHARA
555,SHIB
559,SNT
560,SNX
564,SPK
567,STETH
568,STORJ
572,SUSHI
573,SWEAT
574,SWFTC
587,UXLINK
589,VELODROME
590,VINE
591,VIRTUAL
592,VRA
601,YFI
602,YGG
603,ZBCN
604,ZENT
606,ZEUS
611,ZRO
612,ZRX
616,SUNDOG
617,DBR
625,SOLO
628,PONKE
630,SAROS
632,WEN
649,SWTCH
654,UOS
679,CARV
680,GRASS
685,BAN
688,FARTCOIN
689,CHILLGUY
696,HTX
699,ALCH
712,SLERF
726,GRIFFAIN
727,ARC
731,AI16Z
732,SWARMS
733,ZEREBRO
734,AVAAI
736,PIPPIN
739,MELANIA
756,GOMINING
783,HOUSE
786,GORK
789,SKYAI
790,SOON
796,CUDIS
799,DRIFT
817,MYRO
822,MBX
837,BLUM
841,FRAG
878,FET
880,ANKR
884,TT
886,CHR
889,XTZ
891,ALGO
892,ADA
895,ARPA
908,SYLO
910,DOT
913,SUKU
915,DIA
918,VELO
919,FIL
926,BTC
933,KLV
936,DOGE
939,AVAX
947,DODO
948,PUNDIX
951,FORTH
955,XDC
959,ICP
960,CELO
961,OGN
979,ZCX
985,NEAR
990,SOL
991,XCH
993,MOVR
995,OXT
1001,RLC
1002,HBAR
1003,XPRT
1004,EGLD
1008,NKN
1017,FTT
1025,PUSH
1031,AR
1043,CERE
1046,AUDIO
1056,LIKE
1058,VR
1065,KAIA
1075,GLMR
1077,ASTR
1079,AMP
1082,METIS
1083,STG
1090,SPA
1095,BRISE
1099,BSW
1100,BOBA
1103,DUSK
1105,USDD
1113,USDP
1114,WELL
1115,CSPR
1120,RVN
1122,MPLX
1123,ETHW
1127,EUL
1128,TON
1130,HFT
1133,OAS
1141,ACS
1142,CSIX
1147,MINA
1167,SUI
1192,PYUSD
1199,TIA
1207,RATS
1222,MNDE
1235,ZETA
1249,SCA
1263,MASA
1265,MAPO
1273,MANEKI
1276,BB
1287,SLF
1298,AVAIL
1303,POPCAT
1315,HIPPO
1333,MICHI
1337,RIF
1363,BLUE
1377,FB
1392,RONIN
1397,S
1406,BERA
1408,BUZZ
1409,GRIFT
1430,NIL
1438,DARK
1456,PROPY
1468,DELOREAN
1476,VSN
1527,BARD
1528,0G
1558,PING
1564,VSYS
1572,DCR
1574,DGB
1578,ETC
1581,IOTX
1584,LTC
1586,OMG
1588,QTUM
1589,REQ
1593,TRAC
1595,VET
1596,WAN
1598,XRP
1599,XYO
1601,BCH
1602,XMR
1603,DASH
1604,ZEC
1605,IOTA
1606,NEO
1607,TRX
1608,XEM
1609,LSK
1610,STEEM
1611,ICX
1612,WAVES
1613,KNC
1614,POWR
1615,GAS
1616,ADX
1617,WAXP
1618,ELF
1619,IOST
1620,THETA
1621,UTK
1622,ZIL
1623,ELA
1624,CTXC
1625,ONT
1626,POLYX
1627,XLM
1628,XVG
1629,ARDR
1630,XNO
1631,ZEN
1632,BSV
1633,MXC
1634,NULS
1635,SC
1636,NEXO
1637,ETN
1638,TOP
1639,ATOM
1640,AB
1641,GT
1642,ONE
1643,MX
1644,CKB
1645,HIVE
1646,KSM
1647,LUNC
1648,BAND
1649,DKA
1650,TRB
1651,DF
1652,MLN
1653,FIS
1654,AAVE
1655,KAVA
1656,SKL
1657,REEF
1658,UNI
1659,UMA
1660,SAND
1661,POND
1662,POLS
1663,PHA
1664,POL
1665,LRC
1666,INJ
1667,ENJ
1668,CHZ
1669,BADGER
1670,API3
1671,FLOW
1672,LAT
1673,APT
1674,BNB
1675,GHST
1676,XEC
1677,DAO
1678,RAD
1679,COTI
1680,ENS
1681,MVL
1682,4
1683,A2Z
1684,A8
1685,ACA
1686,ACE
1687,ACX
1688,AERGO
1689,AETHUSDT
1690,AI
1691,AIC
1692,AIDOGE
1693,AIOZ
1694,AITECH
1695,AKT
1696,AL
1697,ALI
1698,ALT
1699,ALU
1700,ANI
1701,ANIME
1702,APE
1703,APEPE
1704,APR
1705,AQT
1706,ARB
1707,ARTY
1708,ATM
1709,AURORA
1710,AVA
1711,AVL
1712,AVNT
1713,AWE
1714,B2
1715,BABY
1716,BAKE
1717,BANANA
1718,BANANAS31
1719,BANK
1720,BEAMX
1721,BEBE
1722,BFC
1723,BFI
1724,BICO
1725,BIO
1726,BLAST
1727,BLUAI
1728,BOBBSC
1729,BONE
1730,BOSON
1731,BRETT
1732,BROCCOLI
1733,BULLA
1734,CA
1735,CAMP
1736,CBK
1737,CFX
1738,CGPT
1739,CHO
1740,CLORE
1741,COOKIE
1742,COQ
1743,CORE
1744,COW
1745,CRTS
1746,CTA
1747,CTX
1748,CYBER
1749,DCK
1750,DEGEN
1751,DONKEY
1752,DORA
1753,DSYNC
1754,DYDX
1755,DYM
1756,DYP
1757,EDGEN
1758,EGP
1759,ELX
1760,EPIC
1761,EPT
1762,ERA
1763,ES
1764,ESX
1765,ETHFI
1766,EUROC
1767,EURQ
1768,EURR
1769,EURT
1770,EVER
1771,F
1772,FCT2
1773,FF
1774,FHE
1775,FIO
1776,FITFI
1777,FLR
1778,FLUX
1779,FLZ
1780,FTX Users Debt
1781,FUN
1782,FURY
1783,FUSE
1784,GAIN
1785,GALA
1786,GAME2
1787,GAMEBASE
1788,GHIBLI
1789,GIGGLE
1790,GMX
1791,GNO
1792,GOR
1793,GROK
1794,GTAI
1795,GUN
1796,HANA
1797,HIFI
1798,HOME
1799,HOT
1800,HPOS10I
1801,HSK
1802,HUNT
1803,HYPE
1804,ICE
1805,IDEX
1806,INIT
1807,IP
1808,JASMY
1809,JUV
1810,KCT
1811,KERNEL
1812,KIMA
1813,KRRX
1814,L3
1815,LA
1816,LADYS
1817,LF
1818,LINEA
1819,LISTA
1820,LMWR
1821,LOOKS
1822,LRDS
1823,LUNA
1824,LVVA
1825,LWA
1826,M
1827,MAGA
1828,MAGIC
1829,MANTA
1830,MANYU
1831,MAVIA
1832,MAY
1833,MCRT
1834,MFER
1835,MIRA
1836,MLK
1837,MNT
1838,MOCA
1839,MODE
1840,MOG
1841,MON
1842,MOODENGETH
1843,MOONPIG
1844,MUBARAK
1845,MUSIC
1846,MYTH
1847,NAKA
1848,NEIROCTO
1849,NEIROETH
1850,NEWT
1851,NODEOPS
1852,NOM
1853,NPC
1854,NUM
1855,NXPC
1856,NYM
1857,OBOL
1858,OBT
1859,OG
1860,OM
1861,ORDER
1862,OSMO
1863,OX
1864,PAAL
1865,PALU
1866,PBUX
1867,PCI
1868,PEPE
1869,PHB
1870,PIXEL
1871,PIXFI
1872,PLUME
1873,PORTAL
1874,PROVE
1875,PSG
1876,PSTAKE
1877,PUFFER
1878,RACA
1879,RDNT
1880,RED
1881,REI
1882,REZ
1883,ROCK
1884,ROOT
1885,ROUTE
1886,RUNE
1887,SAFE
1888,SAGA
1889,SBD
1890,SCRT
1891,SD
1892,SEI
1893,SFUND
1894,SHELL
1895,SHRAP
1896,SIS
1897,SKY
1898,SNEK
1899,SNS
1900,SOLV
1901,SOPH
1902,SPELL
1903,SQD
1904,SSV
1905,STO
1906,STRK
1907,STRX
1908,SUNCAT
1909,SWAP
1910,SWELL
1911,SXP
1912,SXT
1913,SYN
1914,SYND
1915,SYRUP
1916,SYS
1917,SZN
1918,T
1919,TAIKO
1920,TANSSI
1921,TAO
1922,TAVA
1923,TLM
1924,TLOS
1925,TORN
1926,TOWNS
1927,TREE
1928,TRU
1929,TST
1930,TURBO
1931,TUT
1932,UFD
1933,ULTIMA
1934,USDJ
1935,USDQ
1936,USDR
1937,USDWON
1938,USTC
1939,VIC
1940,VINU
1941,WALLET
1942,WAXL
1943,WBT
1944,WIFI
1945,WLD
1946,WMTX
1947,WSDM
1948,WSTUSDT
1949,XAN
1950,XAUT
1951,XCN
1952,XFI
1953,XION
1954,XPL
1955,XR
1956,XTER
1957,XVS
1958,ZBT
1959,ZEROLEND
1960,ZIG
1961,ZKC
1962,ZKL
1963,ZKP
1964,ZRC
1965,币安人生
