# Exchange:,okx
# Total coins:,288

iterator,coin_name
0,SCR
2,WLD
11,A
13,JTO
15,FLM
19,W
23,JUP
26,WOO
27,BABYDOGE
30,FLOKI
32,AVNT
49,1INCH
69,CELO
71,LAYER
77,ME
81,TRUMP
88,OP
109,RENDER
118,WLFI
124,KMNO
132,DOGS
134,LINEA
141,GAS
142,BOME
146,BONK
149,HMSTR
157,HUMA
159,CATI
168,USDT
183,ANIME
188,RAY
194,GMT
195,GMX
208,ACT
252,PNUT
262,NEO
280,MAGIC
288,PYTH
295,ARB
299,PUMP
309,TNSR
317,NOT
325,PIXEL
330,WCT
335,PENGU
346,RDNT
356,WIF
360,WINTOKEN
373,BTC
374,ETH
375,AAVE
376,ACA
377,ACE
378,ACH
379,ADA
380,AERGO
381,AEVO
382,AGLD
383,AIXBT
384,ALGO
385,APE
386,API3
387,APT
388,AR
389,ARG
390,ARKM
391,ASP
392,ASTER
393,ASTR
394,ATH
395,ATOM
396,AUCTION
397,AVAX
398,AXS
399,BABY
400,BAL
401,BANANA
402,BAND
403,BARD
404,BAT
405,BCH
406,BERA
407,BICO
408,BIGTIME
409,BIO
410,BLUR
411,BNB
412,BNT
413,CAT
414,CELR
415,CETUS
416,CFG
417,CFX
418,CHZ
419,CITY
420,CLV
421,COMP
422,CORE
423,CRO
424,CRV
425,CSPR
426,CTC
427,CVC
428,CVX
429,CXT
430,DAI
431,DAO
432,DEGEN
433,DEP
434,DGB
435,DOGE
436,DOOD
437,DORA
438,DOT
439,DUCK
440,DYDX
441,EGLD
442,EIGEN
443,ELF
444,ELON
445,ENA
446,ENJ
447,ENS
448,ETC
449,ETHFI
450,ETHW
451,FET
452,FIL
453,FLOW
454,FLR
455,FLUID
456,FOXY
457,FXS
458,G
459,GALA
460,GALFT
461,GEAR
462,GHST
463,GLM
464,GOAT
465,GODS
466,GRT
467,HBAR
468,ICE
469,ICP
470,ICX
471,ID
472,ILV
473,IMX
474,INJ
475,IOST
476,IOTA
477,IP
478,J
479,JITOSOL
480,JOE
481,KAIA
482,KAITO
483,KNC
484,KSM
485,LAT
486,LDO
487,LEO
488,LINK
489,LOOKS
490,LPT
491,LQTY
492,LRC
493,LSK
494,LTC
495,LUNA
496,MAJOR
497,MANA
498,MASK
499,MEME
500,MEMEFI
501,MENGO
502,MERL
503,MET
504,METIS
505,MEW
506,MINA
507,MOODENG
508,MORPHO
509,MOVE
510,NAVX
511,NC
512,NEAR
513,NEIRO
514,NFT
515,NMR
516,OKB
517,OL
518,OM
519,OMI
520,ONDO
521,ONE
522,ONT
523,ORBS
524,ORDI
525,PARTI
526,PAXG
527,PENDLE
528,PEOPLE
529,PEPE
530,PERP
531,PHA
532,PI
533,POL
534,POR
535,PRCL
536,PROMPT
537,PROVE
538,PSTAKE
539,PYUSD
540,QTUM
541,RACA
542,RESOLV
543,RIO
544,RON
545,RPL
546,RSR
547,RSS3
548,RVN
549,S
550,SAFE
551,SAHARA
552,SAND
553,SATS
554,SD
555,SHIB
556,SKL
557,SKY
558,SLP
559,SNT
560,SNX
561,SOL
562,SONIC
563,SOPH
564,SPK
565,SPURS
566,SSV
567,STETH
568,STORJ
569,STRK
570,STX
571,SUI
572,SUSHI
573,SWEAT
574,SWFTC
575,T
576,THETA
577,TIA
578,TON
579,TOSHI
580,TRA
581,TRB
582,TRX
583,TURBO
584,ULTI
585,UMA
586,UNI
587,UXLINK
588,VELO
589,VELODROME
590,VINE
591,VIRTUAL
592,VRA
593,WAXP
594,XAUT
595,XCH
596,XLM
597,XPL
598,XRP
599,XTZ
600,YB
601,YFI
602,YGG
603,ZBCN
604,ZENT
605,ZETA
606,ZEUS
607,ZIL
608,ZK
609,ZKJ
610,ZORA
611,ZRO
612,ZRX
