"address","name","chain","fee"
"0xcb1592591996765ec0efc1f92599a19767ee5ffa","BIO","BIO-ERC20",6.97
"DGB_DGB-Digibyte","DGB","DGB-Digibyte",0.0032
"0xef71ca2ee68f45b9ad6f72fbdb33d707b872315c","ETH","ETHK-OKTC",0.0
"6AJcP7wuLwmRYLBNbi825wgguaPsWzPBEHcHndpRpump","VINE","VINE-Solana",31.16142858
"85VBFQZC9TZkfaptBWjvUw7YbZjy52A6mjtPGjstQAmQ","W","W-Solana",18.11710963
"0x00c83aecc790e8a4453e5dd3b0b4b3680501a7a7","SKL","SKL-ERC20",31.62
"0x5A7d6b2F92C77FAD6CCaBd7EE0624E64907Eaf3E","ZK","ZK-zkSync Era",0.5
"0xc18360217d8f7ab5e7c516566761ea12ce7f9d72","ENS","ENS-ERC20",0.039
"EQAvlWFDxGF2lXm67y4yzC17wYKD9A0guwPkMs1gOsM__NOT","NOT","NOT-TON",30.0
"0x1f573d6fb3f13d689ff844b4ce37794d79a7ff1c","BNT","BNT-ERC20",0.99
"0x01bff41798a0bcf287b996046ca68b395dbc1071","USDT","USDT-Optimism (USDT0)",0.15
"ETH_ETH-Base","ETH","ETH-Base",4e-05
"core.vaulta","A","A-Vaulta",0.08
"0xbbbbca6a901c926f240b89eacb641d8aec7aeafd","LRC","LRC-ERC20",8.55
"0x0f5d2fb29fb7d3cfee444a200298f468908cc942","MANA","MANA-ERC20",2.54
"0xFDFfB411C4A70AA7C95D5C981a6Fb4Da867e1111","SAHARA","SAHARA-ERC20",7.81
"0x382bb369d343125bfb2117af9c149795c6c65c50","USDT","USDT-OKTC",0.0
"STX_STX-l-Stacks","STX","STX-l-Stacks",1.2
"BCH_BCH-BitcoinCash","BCH","BCH-BitcoinCash",0.0008
"0x6864a6f921804860930db6ddbe2e16acdf8504495ea7481637a1c8b9a8fe54b::cetus::CETUS","CETUS","CETUS-SUI",0.1
"0xa99b8952d4f7d947ea77fe0ecdcc9e5fc0bcab2841d6e2a5aa00c3044e5544b5::navx::NAVX","NAVX","NAVX-SUI",0.2
"0x6dea81c8171d0ba574754ef6f8b412f2ed88c54d","LQTY","LQTY-ERC20",1.03
"0x7ABc8A5768E6bE61A6c693a6e4EAcb5B60602C4D","CXT","CXT-ERC20",41.03
"ELF_ELF-AELF","ELF","ELF-AELF",1.0
"0x58b6a8a3302369daec383334672404ee733ab239","LPT","LPT-ERC20",0.12
"6p6xgHyF7AeE6TZkSmFsko444wqoP15icUSqi2jfGiPN","TRUMP","TRUMP-Solana",0.074
"0xf57e7e7c23978c3caec3c3548e3d615c346e79ff","IMX","IMX-ERC20",1.15
"0x6985884C4392D348587B19cb9eAAf157F13271cd","ZRO","ZRO-ERC20",0.37
"0x69af81e73a73b40adf4f3d4223cd9b1ece623074","MASK","MASK-ERC20",0.7
"ZEUS1aR7aX8DFFJf5QjWj2ftDDdNTroMNGo8YoQm3Gq","ZEUS","ZEUS-Solana",9.20127186
"APT_APT-Aptos","APT","APT-Aptos",0.0
"0xD1723Eb9e7C6eE7c7e2d421B2758dc0f2166eDDc","MENGO","MENGO-Chiliz 2.0 Chain",0.1
"0x95ad61b0a150d79219dcf64e1e6cc01f0b64c4ce","SHIB","SHIB-ERC20",58372.81
"0xac1bd2486aaf3b5c0fc3fd868558b082a531b2b4","TOSHI","TOSHI-Base",1000.0
"0x4200000000000000000000000000000000000042","OP","OP-Optimism",0.1
"0xB528edBef013aff855ac3c50b381f253aF13b997","AEVO","AEVO-ERC20",9.59
"HBAR_HBAR-Hedera","HBAR","HBAR-Hedera",0.8
"J1toso1uCk3RLmjorhTtrVwY9HJ7X8V9yYac6Y7kGCPn","JITOSOL","JITOSOL-Solana",0.0057
"0x1F57da732A77636D913C9a75d685B26CC85DCC3A","OL","OL-ERC20",10.0
"ACE_ACE-Endurance Smart Chain","ACE","ACE-Endurance Smart Chain",0.008
"0x767fe9edc9e0df98e07454847909b5e959d7ca0e","ILV","ILV-ERC20",0.055
"0x56072c95faa701256059aa122697b133aded9279","SKY","SKY-ERC20",10.11
"0xfAbA6f8e4a5E8Ab82F62fe7C39859FA577269BE3","ONDO","ONDO-ERC20",0.82
"RON_RON-Ronin","RON","RON-Ronin",0.0001
"ETHW_ETHW-EthereumPoW","ETHW","ETHW-EthereumPoW",0.01
"0x761d38e5ddf6ccf6cf7c55759d5210750b5d60f3","ELON","ELON-ERC20",7928151.63
"0x9702230a8ea53601f5cd2dc00fdbc13d4df4a8c7","USDT","USDT-Avalanche C-Chain",0.22
"AVAX_AVAX-Avalanche X-Chain","AVAX","AVAX-Avalanche X-Chain",0.048
"0x6b3595068778dd592e39a122f4f5a5cf09c90fe2","SUSHI","SUSHI-ERC20",1.15
"0x99970778e2715bbc9cf8fb83d10dcbc2d2d551a3","ETC","ETCK-OKTC",0.0
"2qEHjDLDLbuBgRYvsxhc5D6uDWAivNFZGan56P1tpump","PNUT","PNUT-Solana",6.83070422
"KAIA_KAIA-Klaytn","KAIA","KAIA-Klaytn",0.004
"0xc011a73ee8576fb46f5e1c5751ca3b9fe0af2a6f","SNX","SNX-ERC20",0.55
"0xbb0e17ef65f82ab018d8edd776e8dd940327b28b","AXS","AXS-ERC20",0.4
"0x3845badade8e6dff049820680d1f14bd3903a5d0","SAND","SAND-ERC20",2.82
"0x91af0fbb28aba7e31403cb457106ce79397fd4e6","AERGO","AERGO-ERC20",7.95
"0x58D97B57BB95320F9a05dC918Aef65434969c2B2","MORPHO","MORPHO-ERC20",0.5
"0x6401b29F40a02578Ae44241560625232A01B3F79","CITY","CITY-Chiliz 2.0 Chain",0.1
"0x5a77f1443d16ee5761d310e38b62f77f726bc71c","ETH","ETH-X Layer",3e-05
"BTC_BTC-Lightning","BTC","BTC-Lightning",1e-06
"0x94a8b4EE5CD64C79D0Ee816f467EA73009f51aA0","RIO","RIO-BSC",1.0
"0xc944e90c64b2c07662a292be6244bdf05cda44a7","GRT","GRT-ERC20",9.3
"WLFinEv6ypjkczcS83FZqFpgFZYwQXutRbxGe7oC16g","WLFI","WLFI-Solana",10.0
"0xc00e94cb662c3520282e6f5717214004a7f26888","COMP","COMP-ERC20",0.017
"FLR_FLR-Flare","FLR","FLR-Flare",1.0
"0x3073f7aAA4DB83f95e9FFf17424F71D4751a3073","MOVE","MOVE-ERC20",2.0
"0xc2132d05d31c914a87c6611c10748aeb04b58e8f","USDT","USDT-Polygon",0.8
"0x6e84a6216eA6dACC71eE8E6b0a5B7322EEbC0fDd","JOE","JOE-Avalanche C-Chain",2.0
"0xa715f624eb32c6c960b0e044b10cde585d5f5984","XRP","XRPK-OKTC",0.0
"ORDI_ORDI-BRC20","ORDI","ORDI-BRC20",0.67
"0x6894CDe390a3f51155ea41Ed24a33A4827d3063D","CAT","CAT-BSC",20000.0
"4LLbsb5ReP3yEtYzmXewyGjcir5uXtKFURtaEUVC2AHs","PRCL","PRCL-Solana",24.14157973
"ETH_ETH-ERC20","ETH","ETH-ERC20",0.00015
"SUI_SUI-SUI","SUI","SUI-SUI",0.06
"0xd1d2eb1b1e90b638588728b4130137d262c87cae","GALA","GALA-ERC20",363.2
"0x320623b8e4ff03373931769a31fc52a4e78b5d70","RSR","RSR-ERC20",106.63
"0x0d8775f648430679a709e98d2b0cb6250d2887ef","BAT","BAT-ERC20",3.5
"ATOM_ATOM-Cosmos","ATOM","ATOM-Cosmos",0.016
"TNSRxcUxoT9xBG3de7PiJyTDYu7kskLqcpddxnEJAS6","TNSR","TNSR-Solana",14.57114228
"0xfd086bc7cd5c481dcc9c85ebe478a1c0b69fcbb9","USDT","USDT-Arbitrum One",0.098
"0xfa520efc34c81bfc1e3dd48b7fe9ff326049f986","LTC","LTCK-OKTC",0.0
"HZ1JovNiVvGrGNiiYvEozEVgZ58xaU3RKwX8eACQBCt3","PYTH","PYTH-Solana",8.66971382
"0xdefa4e8a7bcba345f687a2f1456f5edd9ce97202","KNC","KNC-ERC20",1.99
"DezXAZ8z7PnrnRJjz3wXBoRgixCa6xjnB7YaB1pPB263","BONK","BONK-Solana",108038.64181271
"GJAFwWjJ3vnTsrQVabjBVK2TYB1YtRCQXRDfDgUnpump","ACT","ACT-Solana",28.0
"0x714db550b574b3e927af3d93e26127d15721d4c2","GMT","GMT-Polygon",1.0
"0xa35923162c49cf95e6bf26623385eb431ad920d3","TURBO","TURBO-ERC20",251.3
"ETH_ETH-Linea","ETH","ETH-Linea",3e-05
"0x37a645648df29205c6261289983fb04ecd70b4b3","ANIME","ANIME-Arbitrum One",0.79433076
"native:GDN4U3BDFVMK74IJ46GXEN5ZDRA5QIJQF6TM3NBJIG4IQW2RDGYXSMRN","XLM","XLM-Stellar Lumens",0.016
"0x1E4a5963aBFD975d8c9021ce480b42188849D41d","USDT","USDT-X Layer",0.0
"BNB_BNB-BSC","BNB","BNB-BSC",0.0002
"Es9vMFrzaCERmJfrF4H2FYD4KCoNkY11McCe8BenwNYB","USDT","USDT-Solana",1.0
"TFczxzPhnThNSqr5by8tvxsdCFRRz6cPNq","NFT","NFT-TRC20",80000.0
"0x93d84ff2c5f5a5a3d7291b11af97679e75eeac92","SPURS","SPURS-Chiliz Chain",1.0
"DYDX_DYDX-DYDX","DYDX","DYDX-DYDX",0.03
"0x4d2d32d8652058bf98c772953e1df5c5c85d9f45","DAO","DAO-BSC",0.2
"0x049d36570d4e46f48e99674bd3fcc84644ddd6b96f7c741b1562b82f9e004dc7","ETH","ETH-Starknet",9.5e-05
"MINA_MINA-Mina","MINA","MINA-Mina",0.72
" ","ETH","ETH-Optimism",4e-05
"0x3f382dbd960e3a9bbceae22651e88158d2791550","GHST","GHST-ERC20",1.93
"0x54e4622dc504176b3bb432dccaf504569699a7ff","BTC","BTCK-OKTC",0.0
"0xd29687c813d741e2f938f4ac377128810e217b1b","SCR","SCR-Scroll",0.5
"0x94b008aa00579c1307b0ef2c499ad98a8ce58e58","USDT","USDT-Optimism",0.15
"0xf0151f528127558851b39c2cd8aa47da7418ab28","FLM","FLM-N3",1.0
"ADA_ADA-Cardano","ADA","ADA-Cardano",0.8
"JUPyiwrYJFskUPiHa7hkeR8VUtAeFoSYbKedZNsDvCN","JUP","JUP-Solana",3.97684594
"1E+38","ONT","ONT-Ontology",1.0
"jtojtomepa8beP8AuQc6eXt5FriJwfFMwQx2v2f9mCL","JTO","JTO-Solana",1.25362068
"EQCxE6mUtQJKFnGfaROTKOt1lZbDiiX1kCixRv7Nw2Id_sDs","USDT","USDT-TON",0.15
"0xdA5e1988097297dCdc1f90D4dFE7909e847CBeF6","WLFI","WLFI-ERC20",20.0
"0x4f9254c83eb525f9fcf346490bbb3ed28a81c667","CELR","CELR-ERC20",104.27
"7i5KKsX2weiTkry7jA4ZwSuXGhs5eJBEjY8vVxR4pfRx","GMT","GMT-Solana",41.53589747
"0x172370d5cd63279efa6d502dab29171933a610af","CRV","CRV-Polygon",0.01
"INJ_INJ-INJ","INJ","INJ-INJ",0.008
"0x4ed4e862860bed51a9570b96d89af5e1b0efefed","DEGEN","DEGEN-Base",0.5
"0xbe0Ed4138121EcFC5c0E56B40517da27E6c5226B","ATH","ATH-ERC20",50.0
"ukHH6c7mMyiWCf1b9pnWe25TSpkDDt3H5pQZgZ74J82","BOME","BOME-Solana",1163.36002888
"METIS_METIS-Metis","METIS","METIS-Metis",0.01
"0xdac17f958d2ee523a2206206994597c13d831ec7","USDT","USDT-ERC20",0.59
"SOPH_SOPH-Sophon","SOPH","SOPH-Sophon",0.75
"0xed04915c23f00a313a544955524eb7dbd823143d","ACH","ACH-ERC20",46.56
"0x9560e827aF36c94D2Ac33a39bCE1Fe78631088Db","VELODROME","VELODROME-Optimism (V2)",2.0
"0x12bb890508c125661e03b09ec06e404bc9289040","RACA","RACA-BSC",100.0
"CORE_CORE-CORE","CORE","CORE-CORE",0.001
"POL_POL-Polygon","POL","POL-Polygon",0.1
"0x30d20208d987713f46dfd34ef128bb16c404d10f","SD","SD-ERC20",1.37
"0xec53bf9167f50cdeb3ae105f56099aaab9061f83","EIGEN","EIGEN-ERC20",2.0
"EQCvxJy4eG8hyHBFsZ7eePxrRsUQSFE_jpptRAYBmcG_DOGS","DOGS","DOGS-TON",50.0
"DJ7vji2BU7RjNgktPAKN4L42CiXTFHEt4Eeeyr5FiTmy","ASP","ASP-Solana",10.0
"ICP_ICP-Dfinity","ICP","ICP-Dfinity",0.00024
"0xbc396689893d065f41bc2c6ecbee5e0085233447","PERP","PERP-ERC20",2.8
"0xdf54b6c6195ea4d948d03bfd818d365cf175cfc2","OKB","OKB-OKTC",0.0
"FLOW_FLOW-FLOW","FLOW","FLOW-FLOW",0.0
"0x80c62fe4487e1351b47ba49809ebd60ed085bf52","CLV","CLV-ERC20",45.61
"ETC_ETC-Ethereum Classic","ETC","ETC-Ethereum Classic",0.008
"0x9d65ff81a3c488d585bbfb0bfe3c7707c7917f54","SSV","SSV-ERC20",0.05
"VELO:GDM4RQUQQUVSKQA7S6EM7XBZP3FCGH4Q7CL6TABQ7B2BEJ5ERARM2M5M","VELO","VELO-Stellar Lumens",40.0
"0x912ce59144191c1204e64559fe8253a0e49e6548","ARB","ARB-Arbitrum One",0.02
"XPL_XPL-Plasma","XPL","XPL-Plasma",1.2e-06
"ZETA_ZETA-ZetaChain","ZETA","ZETA-ZetaChain",0.001
"G_G-Gravity Alpha Mainnet","G","G-Gravity Alpha Mainnet",1e-06
"0x6c5ba91642f10282b576d91922ae6448c9d52f4e","PHA","PHA-ERC20",10.4
"0x04fa0d235c4abf4bcf4787af4cf447de572ef828","UMA","UMA-ERC20",0.54
"0x696f9436b67233384889472cd7cd58a6fb5df4f1","AVNT","AVNT-Base",1.0
"ICX_ICX-ICON","ICX","ICX-ICON",0.016
"0x808507121B80c02388fAd14726482e061B8da827","PENDLE","PENDLE-ERC20",1.0
"0xa9b1eb5908cfc3cdf91f9b8b3a74108598009096","AUCTION","AUCTION-ERC20",0.089
"MEFNBXixkEbait3xn9bkm8WsJzXtVsaJEn4c8Sam21u","ME","ME-Solana",2.38523783
"0x2dfF88A56767223A5529eA5960Da7A3F5f766406","ID","ID-ERC20",10.0
"DOT_DOT-Polkadot","DOT","DOT-Polkadot",0.08
"TIA_TIA-Celestia","TIA","TIA-Celestia",0.1
"KMNo3nJsBXfcpJTVhZcXLW7RmTwTt4GVFE7suUBo9sS","KMNO","KMNO-Solana",15.89867004
"rndrizKT3MK1iimdxRdWabcF7Zg7AR5T4nud4EkHBof","RENDER","RENDER-Solana",0.90835513
"0xc71b5f631354be6853efe9c3ab6b9590f8302e81","ZKJ","ZKJ-ERC20",5.0
"0x6dab8fe8e5d425f2eb063aae58540aa04e273e0d","GALFT","GALFT-Chiliz 2.0 Chain",0.1
"0xf411903cbc70a74d22900a5de66a2dda66507255","VRA","VRA-ERC20",911.62
"RVN_RVN-Ravencoin","RVN","RVN-Ravencoin",0.8
"0x68749665ff8d2d112fa859aa293f07a622782f38","XAUT","XAUT-ERC20",0.00015
"0x7a58c0be72be218b41c608b7fe7c5bb630736c71","PEOPLE","PEOPLE-ERC20",49.75
"BABY_BABY-Babylon","BABY","BABY-Babylon",0.01
"0xff56cc6b1e6ded347aa0b7676c85ab0b3d08b0fa","ORBS","ORBS-ERC20",45.12
"0xa3ee21c306a700e682abcdfe9baa6a08f3820419","CTC","CTC-ERC20",1.22
"0x539bde0d7dbd336b79148aa742883198bbf60342","MAGIC","MAGIC-Arbitrum One",0.0872885
"0x471ece3750da237f93b8e339c536989b8978a438","CELO","CELO-CELO-TOKEN",0.0
"0x7dcb50b2180BC896Da1200D2726a88AF5D2cBB5A","ORDI","ORDI-MERLIN Network",0.05
"AVAX_AVAX-Avalanche C-Chain","AVAX","AVAX-Avalanche C-Chain",0.0064
"0x000Ae314E2A2172a039B26378814C252734f556A","ASTER","ASTER-BSC",0.5
"0xd533a949740bb3306d119cc777fa900ba034cd52","CRV","CRV-ERC20",1.11
"0xc20059e0317DE91738d13af027DfC4a50781b066","SPK","SPK-ERC20",16.01
"0x514910771af9ca656af840dff83e8264ecf986ca","LINK","LINK-ERC20",0.033
"0xb131f4A55907B10d1F0A50d8ab8FA09EC342cd74","MEME","MEME-ERC20",377.19
"CRO_CRO-Crypto","CRO","CRO-Crypto",0.03
"0x88df592f8eb5d7bd38bfef7deb0fbc02cf3778a0","TRB","TRB-ERC20",0.024
"EKpQGSJtjMFqKZ9KQanSqYXRcF8fBopzLHYxdM65zcjm","WIF","WIF-Solana",3.01668874
"0x64Bc2cA1Be492bE7185FAA2c8835d9b824c8a194","BIGTIME","BIGTIME-ERC20",18.13
"MEW1gQWJ3nEXg2qgERiKu7FAFj79PHvQVREQUzScPP5","MEW","MEW-Solana",496.8792758
"0xfb5c6815ca3ac72ce9f5006869ae67f18bf77006","PSTAKE","PSTAKE-ERC20",40.44
"ONE_ONE-Harmony","ONE","ONE-Harmony",0.1
"0xfe0c30065b384f05761f15d0cc899d4f9f9cc0eb","ETHFI","ETHFI-ERC20",0.63
"EQDWXjnVWheFemaAaFn-Cp4nDehvGllrXOZ8wqHm8sDEwn_c","DUCK","DUCK-TON",5.0
"4k3Dyjzvzp8eMZWUXbBCjEvwSkkk59S5iCNLY3QrkX6R","RAY","RAY-Solana",0.39
"0x5283d291dbcf85356a21ba090e6db59121208b44","BLUR","BLUR-ERC20",1.0
"0x59264f02D301281f3393e1385c0aEFd446Eb0F00","PARTI","PARTI-BSC",1.0
"B89Hd5Juz7JP2dxCZXFJWk4tMTcbw7feDhuWGb3kq5qE","NC","NC-Solana",57.87164183
"ETH_ETH-Unichain","ETH","ETH-Unichain",4e-05
"0x28d38df637db75533bd3f71426f3410a82041544","PROMPT","PROMPT-ERC20",2.0
"0x18d103b7066aeedb6005b78a462ef9027329b1ea","BCH","BCHK-OKTC",0.0
"0x6E2a43be0B1d33b726f0CA3b8de60b3482b8b050","ARKM","ARKM-ERC20",1.7
"0xfb5b838b6cfeedc2873ab27866079ac55363d37e","FLOKI","FLOKI-BSC",10000.0
"WAXP_WAXP-Wax","WAXP","WAXP-Wax",0.1
"LAYER4xPpTCb3QL8S9u41EAhAX7mhBn8Q6xMTwY2Yzc","LAYER","LAYER-Solana",5.3202439
"0x41e5560054824ea6b0732e656e3ad64e20e94e45","CVC","CVC-ERC20",10.02
"0xffad7930b474d45933c93b83a2802204b8787129","POR","POR-Chiliz 2.0 Chain",0.1
"0x21cde7e32a6caf4742d00d44b07279e7596d26b9","DAI","DAIK-OKTC",0.0
"ENJ_ENJ-Enjin Relay Chain","ENJ","ENJ-Enjin Relay Chain",0.001
"0xc335df7c25b72eec661d5aa32a7c2b7b2a1d1874","ICE","ICE-BSC",30.0
"0xaea46A60368A7bD060eec7DF8CBa43b7EF41Ad85","FET","FET-ERC20",2.0
"S_S-Sonic","S","S-Sonic",0.003
"IP_IP-Story","IP","IP-Story",0.01
"0x2af5d2ad76741191d15dfe7bf6ac92d4bd912ca3","LEO","LEO-ERC20",3.03
"0x6b175474e89094c44da98b954eedeac495271d0f","DAI","DAI-ERC20",0.59
"HUMA1821qVDKta3u2ovmfDQeW2fSQouSKE8fkF44wvGw","HUMA","HUMA-Solana",48.60000004
"0xb64ef51c888972c908cfacf59b47c1afbc0ab8ac","STORJ","STORJ-ERC20",3.48
"0x38e68a37e401f7271568cecaac63c6b1e19130b4","BANANA","BANANA-ERC20",0.046
"METvsvVRapdj9cFLzq4Tr43xK4tAjQfwX76z3n6mWQL","MET","MET-Solana",1.2604031
"0x1111111111166b7FE7bd91427724B487980aFc69","ZORA","ZORA-Base",5.0
"0xccc8cb5229b0ac8069c51fd58367fd1e622afd97","GODS","GODS-ERC20",6.76
"0xC5015b9d9161Dca7e18e32f6f25C4aD850731Fd4","DAI","DAI-X Layer",0.1
"0xaa27badaa3c9ec9081b8f6c9cdd2bf375f143780","SHIB","SHIBK-OKTC",0.0
"LTC_LTC-Litecoin","LTC","LTC-Litecoin",0.001
"0xf17e65822b568b3903685a7c9f496cf7656cc6c2","BICO","BICO-ERC20",9.69
"ASTR_ASTR-Astar","ASTR","ASTR-Astar",2.0
"0x163f8c2467924be0ae7b5347228cabf260318753","WLD","WLD-ERC20",0.7
"KSM_KSM-AssetHub Kusama","KSM","KSM-AssetHub Kusama",0.008
"0x3991B07b2951a4300Da8c76e7d2c7eddE861Fef3","UXLINK","UXLINK-ERC20",45.0
"SonicxvLud67EceaEzCLRnMTBqzYUUYNr93DBkBdDES","SONIC","SONIC-Solana",12.59642302
"0x98d0baa52b2D063E780DE12F615f963Fe8537553","KAITO","KAITO-Base",0.1
"0x9C7BEBa8F6eF6643aBd725e45a4E8387eF260649","G","G-ERC20",84.51
"TLa2f6VPqDgRE67v1736s7bJ8Ray5wYjU7","WINTOKEN","WIN-TRC20",11419.94
"CtzPWv73Sn1dMGVU3ZtLv9yWSyUAanBni19YWDaznnkn","BTC","BTC-Solana",1e-05
"0x8f3cf7ad23cd3cadbd9735aff958023239c6a063","DAI","DAI-Polygon",0.1
"LAT_LAT-PlatON","LAT","LAT-PlatON",0.8
"0x81214a80d82035a190fcb76b6ff3c0145161c3a9f33d137f2bbaee4cfec8a387","BTC","BTC-Aptos",1e-07
"0x506a6fc25f1c7d52ceb06ea44a3114c9380f8e2029b4356019822f248b49e411::memefi::MEMEFI","MEMEFI","MEMEFI-SUI",50.0
"BTC_BTC-Bitcoin","BTC","BTC-Bitcoin",1e-05
"0x5fbdf89403270a1846f5ae7d113a989f850d1566","FOXY","FOXY-Linea",200.0
"0x45804880De22913dAFE09f4980848ECE6EcbAf78","PAXG","PAXG-ERC20",0.00015
"0x3593d125a4f7849a1b059e64f4517a86dd60c95d","OM","OM-ERC20",5.41
"0x876a4b7bce8aeaef60464c11f4026903e9afacab79b9b142686158aa86560b50::xbtc::XBTC","BTC","BTC-SUI",1e-06
"THETA_THETA-Theta","THETA","THETA-Theta",0.12
"0xac485391EB2d7D88253a7F1eF18C37f4242D1A24","LSK","LSK-Lisk",0.08
"0x7dd9c5cba05e151c895fde1cf355c9a1d5da6429","GLM","GLM-ERC20",3.2
"0x5c46bFF4B38dc1EAE09C5BAc65872a1D8bc87378","MERL","MERL-MERLIN Network",5.0
"0x0b3e328455c4059EEb9e3f84b5543F74E24e7E1b","VIRTUAL","VIRTUAL-Base",0.5
"0x357b0b74bc833e95a115ad22604854d6b0fca151cecd94111770e5d6ffc9dc2b","USDT","USDT-Aptos",0.03
"0x97513e975a7fa9072c72c92d8000b0db90b163c5","BABYDOGE","BABYDOGE-OKTC",500000000.0
"0x4d224452801aced8b2f0aebe155379bb5d594381","APE","APE-ERC20",1.41
"0xd34625c1c812439229EF53e06f22053249D011f5","ARG","ARG-Chiliz 2.0 Chain",0.1
"0x1a3496c18d558bd9c6c8f609e1b129f67ab08163","DEP","DEP-ERC20",433.4
"OKB_OKB-X Layer","OKB","OKB-X Layer",0.001
"0xb50721bcf8d664c30412cfbc6cf7a15145234ad1","ARB","ARB-ERC20",0.7
"0x5afe3855358e112b5647b952709e6165e1c1eeee","SAFE","SAFE-ERC20",2.47
"0xc748673057861a797275cd8a068abb95a902e8de","BABYDOGE","BABYDOGE-BSC",0.0
"0x59d226bb0a4d74274d4354ebb6a0e1a1aa5175b6","UNI","UNIK-OKTC",0.0
"2zMMhcVQEXDtdE6vsFS7S7D5oUodfJHE8vd1gnBouauv","PENGU","PENGU-Solana",87.76150152
"0x8368e77bc6c8d20c954d8b94f8f42ebb04a35aea","BABYDOGE","BABYDOGE-X Layer",0.0
"AR_AR-Arweave","AR","AR-Arweave",0.01
"TR7NHqjeKQxGTCi8q8ZY4pL8otSzgjLj6t","USDT","USDT-TRC20",2.3
"0x25f8087ead173b73d6e8b84329989a8eea16cf73","YGG","YGG-ERC20",4.68
"LUNA_LUNA-Terra","LUNA","LUNA-Terra",0.05
"0x2218e0d5e0173769f5b4939a3ae423f7e5e4eab7","SUSHI","SUSHIK-OKTC",0.0
"0x744d70fdbe2ba4cf95131626614a1763df805b9e","SNT","SNT-ERC20",33.18
"0x7eae20d11ef8c779433eb24503def900b9d28ad7","PIXEL","PIXEL-Ronin",0.05
"DORA_DORA-Dora Vota Mainnet","DORA","DORA-Dora Vota Mainnet",1.0
"0xf0DB65D17e30a966C2ae6A21f6BBA71cea6e9754","BARD","BARD-ERC20",0.91
"CzLSujWBLFsSjncfkh59rUFqvafWcY5tzedWJSuypump","GOAT","GOAT-Solana",17.13874171
"0xb7C00000bcDEeF966b20B3D884B98E64d2b06b4f","BTC","BTC-X Layer",1e-06
"0xef4073a0f2b305a38ec4050e4d3d28bc40ea63f5","NEO","NEO-N3",0.01
"0xdBB7a34Bf10169d6d2D0d02A6cbb436cF4381BFa","ZENT","ZENT-ERC20",93.41
"0xbeb67de6cc5af652b2d9b0235750ed70f5a2cb0d","LINK","LINKK-OKTC",0.0
"0x6f40d4a6237c257fff2db00fa0510deeecd303eb","FLUID","FLUID-ERC20",0.1
"IOTA_IOTA-IOTA Stardust","IOTA","IOTA-IOTA Stardust",1.0
"0xba3335588d9403515223f109edc4eb7269a9ab5d","GEAR","GEAR-ERC20",500.0
"0x1789e0043623282d5dcc7f213d703c6d8bafbb04","LINEA","LINEA-Linea",10.0
"ETH_ETH-zkSync Era","ETH","ETH-zkSync Era",4.1e-05
"0x75231f58b43240c9718dd58b4967c5114342a86c","OKB","OKB-ERC20",0.0
"CFX_CFX-Conflux","CFX","CFX-Conflux",0.01
"0xba11d00c5f74255f56a5e366f4f77f5a186d7f55","BAND","BAND-ERC20",1.15
"XTZ_XTZ-Tezos","XTZ","XTZ-Tezos",0.08
"token.sweat","SWEAT","SWEAT-NEAR",132.0
"0x0bb217e40f8a5cb79adf04e1aab60e5abd0dfc1e","SWFTC","SWFTC-ERC20",95.76
"0x5a98fcbea516cf06857215779fd812ca3bef1b32","LDO","LDO-ERC20",0.66
"0xf4d2888d29d722226fafa5d9b24f9164c092421e","LOOKS","LOOKS-ERC20",81.06
"NEAR_NEAR-NEAR","NEAR","NEAR-NEAR",0.0
"0xB8CE59FC3717ada4C02eaDF9682A9e934F625ebb","USDT","USDT-Plasma",0.0001
"0x304193f18f3B34647ae1f549fc825A7e50267c51","TRA","TRA-Chiliz 2.0 Chain",0.1
"0xc221b7e65ffc80de234bbb6667abdd46593d34f0","CFG","CFG-ERC20",2.8
"BERA_BERA-Berachain","BERA","BERA-Berachain",0.0001
"0xe41d2489571d322189246dafa5ebde1f4699f498","ZRX","ZRX-ERC20",3.1
"CFX_CFX-CFX_EVM","CFX","CFX-CFX_EVM",1.0
"0xba100000625a3754423978a60c9317c58a424e3d","BAL","BAL-ERC20",0.6
"0x7fc66500c84a76ad7e9c93437bfc5ac33e2ddae9","AAVE","AAVE-ERC20",0.0026
"0xae7ab96520de3a18e5e111b5eaab095312d7fe84","STETH","STETH-ERC20",0.00015
"ZIL_ZIL-Zilliqa","ZIL","ZIL-Zilliqa",0.8
"TON_TON-TON","TON","TON-TON",0.01
"0x4e3fbd56cd56c3e72c1403e103b45db9da5b9d2b","CVX","CVX-ERC20",0.26
"pumpCmXqMfrsAkQ5r49WcJnRayYRqmXz6ae8H7H9Dfn","PUMP","PUMP-Solana",240.1175454
"0x4dc26fc5854e7648a064a4abd590bbe71724c277","ANIME","ANIME-ERC20",65.33
"0x4dbe39D987665d0CB9F921B50B2673346b87cAfA","SATS","SATS-MERLIN Network",3000000.0
"CSPR_CSPR-Casper","CSPR","CSPR-Casper",4.0
"0x3432b6a60d23ca0dfca7761b7ab56459d9c964d0","FXS","FXS-ERC20",0.45
"0x1f9840a85d5af5bf1d1762f925bdaddc4201f984","UNI","UNI-ERC20",0.097
"0x259338656198eC7A76c729514D3CB45Dfbf768A1","RESOLV","RESOLV-ERC20",10.91
"2b1kV6DkPAnxd5ixfnxCpjxmKwqjjaYmCZfHsFu24GXo","PYUSD","PYUSD-Solana",0.82254872
"0x3f8969be2fc0770dcc174968e4b4ff146e0acdaf","FIL","FILK-OKTC",0.0
"0xef4461891dfb3ac8572ccf7c794664a8dd927945","WCT","WCT-Optimism",1.0
"EQD-cvR0Nz6XAyRBvbhz-abTrRC6sI5tvHvvpeQraV9UAAD7","CATI","CATI-TON",0.04
"0x0E7779e698052f8fe56C415C3818FCf89de9aC6D","ULTI","ULTI-BSC",5.0
"EGLD_EGLD-Elrond","EGLD","EGLD-Elrond",0.00064
"0xed35af169af46a02ee13b9d79eb57d6d68c1749e","OMI","OMI-ERC20",6000.0
"0xdc6ff44d5d932cbd77b52e5612ba0529dc6226f1","WLD","WLD-Optimism",0.022
"0xd33526068d116ce69f19a9ee46f0bd304f21a51f","RPL","RPL-ERC20",0.05
"0x32353a6c91143bfd6c7d363b546e62a9a2489a20","AGLD","AGLD-ERC20",1.52
"DvjbEsdca43oQcw2h3HW1CT7N3x5vRcr3QrvTUHnXvgV","DOOD","DOOD-Solana",89.30119712
"0x57e114B691Db790C35207b2e685D4A43181e6061","ENA","ENA-ERC20",1.39
"0x3082cc23568ea640225c2467653db90e9250aaa0","RDNT","RDNT-Arbitrum One",0.5
"QTUM_QTUM-Quantum","QTUM","QTUM-Quantum",0.04
"0x455e53cbb86018ac2b8092fdcd39d8444affc3f6","POL","POL-ERC20",10.0
"TRX_TRX-TRC20","TRX","TRX-TRC20",0.8
"CHZ_CHZ-Chiliz Chain","CHZ","CHZ-Chiliz Chain",1.0
"0xfc5a1a6eb076a2c7ad06ed22c90d7e710e35ad0a","GMX","GMX-Arbitrum One",0.01
"0x9151434b16b9763660705744891fA906F660EcC5","USDT","USDT-Unichain (USDT0)",0.075
"0x779Ded0c9e1022225f8E0630b35a9b54bE713736","USDT","USDT-X Layer (USDT0)",0.1
"EQAJ8uWd7EBqsmpSWaRdf_I-8R8-XHwh3gsNKhy-UrdrPcUo","HMSTR","HMSTR-TON",30.0
"XRP_XRP-Ripple","XRP","XRP-Ripple",0.2
"0x3506424f91fd33084466f402d5d97f05f8e3b4af","CHZ","CHZ-ERC20",18.53
"ED5nyyWEzpPPiWimP8vYm7sD7TD3LAt3Q3gRTWHzPJBY","MOODENG","MOODENG-Solana",16.05269761
"0x812ba41e071c7b7fa4ebcfb62df5f45f6fa853ee","NEIRO","NEIRO-ERC20",3000.0
"0x4691937a7508860f876c9c0a2a617e7d9e945d4b","WOO","WOO-ERC20",15.02
"PI_PI-PI","PI","PI-PI",0.05
"FIL_FIL-Filecoin","FIL","FIL-Filecoin",0.0008
"0x0b38210ea11411557c13457d4da7dc6ea731b88a","API3","API3-ERC20",0.9
"0xabc732f6f69a519f6d508434481376b6221eb7d5","DOT","DOTK-OKTC",0.0
"SATS_SATS-BRC20","SATS","SATS-BRC20",145137880.99
"0xcc8fa225d80b9c7d42f96e9570156c65d6caaa25","SLP","SLP-ERC20",531.63
"0x01791F726B4103694969820be083196cC7c045fF","YB","YB-ERC20",0.92
"XCH_XCH-Chia","XCH","XCH-Chia",0.0004
"ZBCNpuD7YMXzTHB2fhGkGi78MNsHGLRXUhRewNRm9RU","ZBCN","ZBCN-Solana",170.06201258
"0xcdf7028ceab81fa0c6971208e83fa7872994bee5","T","T-ERC20",0.35340942
"ACA_ACA-Acala","ACA","ACA-Acala",0.1
"0x4F9Fd6Be4a90f2620860d680c0d4d5Fb53d1A825","AIXBT","AIXBT-Base",0.05
"0xa","APT","APT-Aptos_FA",0.001
"0x04718f5a0fc34cc1af16a1cdee98ffb20c31f5cd61d6ab07201858f4287c938d","STRK","STRK-Starknet",0.99
"0x6bef15d938d4e72056ac92ea4bdd0d76b1c4ad29","PROVE","PROVE-ERC20",0.84
"0xc98d64da73a6616c42117b582e832812e7b8d57f","RSS3","RSS3-ERC20",22.44
"FIL_FIL-FEVM","FIL","FIL-FEVM",0.0
"SOL_SOL-Solana","SOL","SOL-Solana",0.0025
"IOST_IOST-IOST","IOST","IOST-IOST",8e-05
"ALGO_ALGO-Algorand","ALGO","ALGO-Algorand",0.008
"0x111111111117dc0aa78b770fa6a738034120c302","1INCH","1INCH-ERC20",3.47
"0x6982508145454ce325ddbe47a25d4ec3d2311933","PEPE","PEPE-ERC20",85629.95
"EQCuPm01HldiduQ55xaBF_1kaW_WAUy5DHey8suqzU_MAJOR","MAJOR","MAJOR-TON",0.5
"ETH_ETH-Arbitrum One","ETH","ETH-Arbitrum One",4e-05
"0x0bc529c00c6401aef6d220be8c6ea1667f6ad93e","YFI","YFI-ERC20",0.00013
"DOGE_DOGE-Dogecoin","DOGE","DOGE-Dogecoin",4.0
"0xd2a4cff31913016155e38e474a2c06d08be276cf","GAS","GAS-N3",0.1
"Jambjx1oJoZNBZiqbiF9TqgatEZPdyfvYa9WVsKNzUh","J","J-Solana",9.96617335
"0x00505505a7576d6734704fabb16f41924e3e384b","TRX","TRXK-OKTC",0.0
"0x1776e1f26f98b1a5df9cd347953a26dd3cb46671","NMR","NMR-ERC20",0.049
